Id,STseg,TTseg,ParaId,Segmentation,Study,Session,SL,TL,Task,Text,Part,Nedit,Dur,FDur,PreGap,TG300,TD300,TB300,TG500,TD500,TB500,TG1000,TD1000,TB1000,TG2000,TD2000,TB2000,TG5000,TD5000,TB5000,Scatter,FixS,TrtS,FixT,TrtT,ParalFixS,ParalS,ParalFixT,ParalT,Ins,Del,MIns,MDel,AIns,ADel,SIns,SDel,TokS,LenS,TokT,LenT,LenMT,Yawat,String,TAGnbr,SAGnbr,HSgrp,Cross,HCross,HTra,HSTC,HTot,HTotN
1,1,1,1,sentence,CREATIVE2_A1,P01_P2,en,zh,P,2,P01,0,0,0,0,0,0,0,0,0,0,0,0,0,0,0,0,0,0,0,0,0,0,0,0,0,0,0,0,0,0,0,0,0,0,0,0,1,5,1,1,0,---,?,1,1,0,1,0.46,1.14,1.14,2.22,0.64
2,2,2,2,sentence,CREATIVE2_A1,P01_P2,en,zh,P,2,P01,1,228717,228717,166680,62017,20,1,62017,20,1,62017,20,1,62017,20,1,62017,20,1,0,0,0,0,0,0,0,0,0,11,11,11,11,0,0,0,0,5,27,3,9,0,---,???_????_?,1,2.2,0.88,1,1.07,0.93,1.28,4.06,0.7
3,3,3,2,sentence,CREATIVE2_A1,P01_P2,en,zh,P,2,P01,2,3372319,293655,3248173,122544,1602,25,119128,5018,16,114443,9703,10,106610,17536,5,96884,27262,2,8,0,0,0,0,0,0,0,0,49,51,49,51,0,0,0,0,15,73,16,26,0,---,??_?_?_??_?_?_??_?_???_?_??_?_??_?_???_?,1.2,1.13,0,1.53,0.96,1.35,1.67,5.41,0.74
4,4,4,2,sentence,CREATIVE2_A1,P01_P2,en,zh,P,2,P01,3,609513,358668,460366,147341,1806,23,145763,3384,19,139430,9717,11,134834,14313,8,128242,20905,6,9,0,0,0,0,0,0,0,0,55,57,55,57,0,0,0,0,16,91,14,24,0,---,??_?_??_??_??_??_;_??_?_??_?_??_??_?,1.44,2,1.61,2.56,1.75,2.01,2.27,5.92,0.79
5,5,5,2,sentence,CREATIVE2_A1,P01_P2,en,zh,P,2,P01,3,1067483,741538,101006,961445,5032,54,956873,9604,42,948216,18261,29,941593,24884,24,914866,51611,15,21,0,0,0,0,0,0,0,0,141,161,141,161,0,0,0,0,35,180,36,54,0,---,??_?_??_??_?_?_??_?_?_??_?_?_??_???_?_??_??_?_?_??_?_??_?_?_??_?_??_?_?_?_???_?_?_??_?_?,1.34,1.63,0.49,3.4,1.81,1.53,2.33,7.11,0.83
6,6,6,2,sentence,CREATIVE2_A1,P01_P2,en,zh,P,2,P01,6,8014667,1620802,4449980,3544528,20159,182,3533782,30905,153,3497586,67101,101,3462913,101774,75,3355786,208901,41,48,0,0,0,0,0,0,0,0,359,368,359,368,0,0,0,0,55,325,60,92,0,---,??_?_?_?_?_?_??_?_??_??_??_?_??_??_??_?_??_?_??_?_??_??_??_?_?_??_?_?_?_?_??_?_?_??_?_?_??_?_??_?_?_?_??_?_?_?_?_??_????_???_???_?_?_?_?_??_??_??_??_?,1.53,1.62,0.79,4.11,1.91,2.44,2.84,8.02,0.87
7,7,7,3,sentence,CREATIVE2_A1,P01_P2,en,zh,P,2,P01,3,374491,374491,267358,103400,3733,32,97225,9908,15,94719,12414,11,90980,16153,8,75256,31877,3,5,0,0,0,0,0,0,0,0,44,48,44,48,0,0,0,0,8,29,5,9,0,---,??_??_?_??_?,1.25,2.75,1.93,2.88,2.81,3.06,3.33,5.09,0.79
8,8,8,3,sentence,CREATIVE2_A1,P01_P2,en,zh,P,2,P01,1,60911,60911,47862,12237,812,11,10253,2796,6,7136,5913,2,7136,5913,2,0,13049,0,1,0,0,0,0,0,0,0,0,14,14,14,14,0,0,0,0,8,27,6,11,0,---,?_???_??_?_??_?,1.12,2.5,1.28,1.75,0.88,2.19,2.57,4.47,0.69
9,9,9,4,sentence,CREATIVE2_A1,P01_P2,en,zh,P,2,P01,1,32479,32479,18967,13297,215,6,12970,542,5,11612,1900,3,10424,3088,2,6368,7144,1,1,0,0,0,0,0,0,0,0,6,7,6,7,0,0,0,0,4,14,5,6,0,---,?_?_?_?_?,2,1.5,1.34,2.5,1.11,1.84,2.09,3.86,0.71
10,10,10,4,sentence,CREATIVE2_A1,P01_P2,en,zh,P,2,P01,1,1964415,558017,122687,1838904,2824,39,1836446,5282,32,1828787,12941,21,1827744,13984,20,1812038,29690,16,18,0,0,0,0,0,0,0,0,123,151,123,151,0,0,0,0,27,140,26,42,0,---,?_??_??_??_??_??_?_??_??_?_?_??_?_?_??_??_?_??_?_??_?_?_???_??_?_?,1.85,3.15,1.73,5.11,2.69,2.9,3.3,7.25,0.88
11,11,11,4,sentence,CREATIVE2_A1,P01_P2,en,zh,P,2,P01,1,1885375,62433,1822942,61905,528,4,61905,528,4,61288,1145,3,59735,2698,2,59735,2698,2,4,0,0,0,0,0,0,0,0,26,30,26,30,0,0,0,0,14,73,14,22,0,---,??_??_?_??_?_?_??_?_??_?_??_?_??_?,1.5,1.57,1.44,2.64,1.58,1.72,2.44,5.62,0.77
12,12,12,4,sentence,CREATIVE2_A1,P01_P2,en,zh,P,2,P01,2,197874,197874,114641,82599,634,8,82212,1021,7,80046,3187,4,78244,4989,3,78244,4989,3,2,0,0,0,0,0,0,0,0,19,23,19,23,0,0,0,0,10,47,7,16,0,---,???_??_??_???_??_??_?,2,3.2,1.34,3,2.83,2.15,3.06,5.24,0.77
13,13,13,4,sentence,CREATIVE2_A1,P01_P2,en,zh,P,2,P01,2,188823,188823,173268,13115,2440,7,12727,2828,6,10385,5170,3,8602,6953,2,5992,9563,1,2,0,0,0,0,0,0,0,0,21,23,21,23,0,0,0,0,5,20,5,6,0,---,?_?_?_?_?,1.4,1.4,2.08,2,1.63,2.21,2.26,4.16,0.72
14,14,14,4,sentence,CREATIVE2_A1,P01_P2,en,zh,P,2,P01,1,2841739,560202,117506,2715947,8286,69,2709023,15210,51,2689214,35019,24,2682181,42052,19,2657128,67105,11,5,0,0,0,0,0,0,0,0,109,113,109,113,0,0,0,0,29,142,22,38,0,---,??_???_??_?_??_?_?_???_??_??_??_?_??_?_?_?_?_??_???_?_??_?,1.59,2.93,2.36,4.93,2.75,2.8,3.14,6.94,0.83
15,15,15,5,sentence,CREATIVE2_A1,P01_P2,en,zh,P,2,P01,2,444474,222834,331756,107967,4751,28,104546,8172,19,99291,13427,11,99291,13427,11,88457,24261,8,3,0,0,0,0,0,0,0,0,54,73,54,73,0,0,0,0,21,107,17,28,0,---,???_??_?_??_??_?_?_?_??_?_???_?_?_??_?_??_?,1.38,2.14,1.24,5.19,2.42,2.31,3.13,6.7,0.85
1,1,1,6,paragraph,CREATIVE2_A1,P01_P5,en,zh,P,5,P01,0,0,0,0,0,0,0,0,0,0,0,0,0,0,0,0,0,0,0,0,0,0,0,0,0,0,0,0,0,0,0,0,0,0,0,0,3,18,2,4,0,---,??_??,1,1.67,0.15,1,0.51,1,1,2.92,0.6
2,2,2,7,paragraph,CREATIVE2_A1,P01_P5,en,zh,P,5,P01,2,541797,11187,530610,11187,0,3,11187,0,3,11187,0,3,11187,0,3,0,11187,0,1,0,0,0,0,0,0,0,0,2,3,2,3,0,0,0,0,6,28,4,7,0,---,??_?_??_?,1,1.67,1.27,2,2.03,1.88,2.72,4.38,0.74
3,3,3,8,paragraph,CREATIVE2_A1,P01_P5,en,zh,P,5,P01,1,40398,40398,40385,0,13,0,0,13,0,0,13,0,0,13,0,0,13,0,1,0,0,0,0,0,0,0,0,7,7,7,7,0,0,0,0,11,53,12,20,0,---,?_?_?_??_??_?_????_?_??_??_?_?,1.36,1.36,0.73,3.45,0.89,0.66,1.27,4.72,0.7
4,4,4,9,paragraph,CREATIVE2_A1,P01_P5,en,zh,P,5,P01,2,1240442,1240442,77283,1141794,21365,153,1130301,32858,123,1094263,68896,70,1074056,89103,54,1011873,151286,37,56,0,0,0,0,0,0,0,0,468,468,468,468,0,0,0,0,131,629,137,219,0,---,?_??_????_?_??_?_?_?_?_?_?_??_??_?_?_??_?_?_?_?_?_?_?_?_shofar_??_eMotiv_??_?_??_?_??_?_??_?_?_?_??_?_?_??_?_??_????_?_??_??_??_??_?_??_?_?_?_?_??_?_?_?_??_?_??_??_?_?_??_?_Ipod_??_?_?_???_?_?_?_??_?_??_?_??_?_??_?_??_?_??_?_??_???_?_??_?_?_?_??_?_?_?_?_2017_?_?_??_?_??_??_??_??_?_?_?_?_??_?_?_??_?_???_?_?_????_?_??_??_??_?_??_?_?_??_????_?_?_??_??_?_?,1.53,1.56,0.82,4.74,1.84,1.57,2.31,8.53,0.82
5,5,5,10,paragraph,CREATIVE2_A1,P01_P5,en,zh,P,5,P01,2,946785,946785,77036,860482,9267,120,849623,20126,91,822032,47717,52,805057,64692,40,750000,119749,24,26,0,0,0,0,0,0,0,0,309,323,309,323,0,0,0,0,107,502,99,155,0,---,??_??_??_?_?_??_?_?_?_???_?_?_?_??_?_??_??_??_?_??_?_??_?_?_??_?_??_??_?_?_??_?_?_??_???_??_??_??_?_??_?_??_?_??_??_??_?_?_??_??_???_?_??_?_?_?_?_??_??_?_?_?_?_??_?_??_?_??_??_??_?_?_??_??_?_?_?_?_???_?_?_??_?_??_?_?_?_?_??_??_???_?_?_?_?_?_?_????_?,1.36,1.75,0.74,2.86,1.54,1.5,2.04,8.1,0.81
1,1,1,1,sentence,CREATIVE2_A1,P02_P2,en,zh,P,2,P02,0,0,0,0,0,0,0,0,0,0,0,0,0,0,0,0,0,0,0,0,0,0,0,0,0,0,0,0,0,0,0,0,0,0,0,0,1,5,1,1,0,---,?,1,1,0,1,0.46,1.14,1.14,2.22,0.64
2,2,2,2,sentence,CREATIVE2_A1,P02_P2,en,zh,P,2,P02,1,1707605,21424,1686181,20122,1302,7,19696,1728,6,17586,3838,3,14439,6985,1,14439,6985,1,0,0,0,0,0,0,0,0,0,19,17,19,17,0,0,0,0,5,27,5,11,0,---,???_??_?_???_?,1.2,1.4,0.59,2.4,2.06,1.93,2.54,4.06,0.7
3,3,3,2,sentence,CREATIVE2_A1,P02_P2,en,zh,P,2,P02,1,369466,107886,261580,98493,9393,39,95467,12419,31,86366,21520,18,77201,30685,11,50708,57178,3,4,0,0,0,0,0,0,0,0,147,141,147,141,0,0,0,0,15,73,21,34,0,---,??_?_?_??_??_??_??_?_?_??_?_?_??_?_??_?_??_???_?_??_?,1.6,1.13,0,2.4,1.28,1.23,1.83,5.41,0.74
4,4,4,2,sentence,CREATIVE2_A1,P02_P2,en,zh,P,2,P02,1,106373,106373,26627,67923,11823,63,62232,17514,49,41964,37782,20,26651,53095,8,0,79746,0,3,0,0,0,0,0,0,0,0,159,152,159,152,0,0,0,0,16,91,18,33,0,---,??_?_??_??_??_??_?_??_??_?_??_??_?_??_?_??_????_?,1.31,1.38,0.4,2.75,1.64,1.22,2.03,5.92,0.79
5,5,5,2,sentence,CREATIVE2_A1,P02_P2,en,zh,P,2,P02,1,279761,279761,53637,216831,9293,48,212766,13358,38,203368,22756,25,191150,34974,15,161735,64389,7,11,0,0,0,0,0,0,0,0,131,132,131,132,0,0,0,0,35,180,45,73,0,---,S_?_?_ilites_?_??_??_??_?_?_?_??_??_??_?_?_??_??_?_??_??_??_?_??_??_?_??_?_?_??_?_?_??_?_??_??_?_???_??_?_?_?_??_?_?,1.54,1.4,0.54,3.17,1.86,1.64,2.53,7.11,0.83
6,6,6,2,sentence,CREATIVE2_A1,P02_P2,en,zh,P,2,P02,3,318449,318449,100810,194650,22989,93,187266,30373,75,159845,57794,35,135127,82512,18,90045,127594,5,11,0,0,0,0,0,0,0,0,312,235,312,235,0,0,0,0,55,325,56,92,0,---,??_?_??_??_??_?_??_?_?_—_—_??_??_??_??_??_??_??_??_?_??_?_?_?_??_??_??_?_??_?_??_—_—_??_??_?_??_??_?_?_??_??_500_?_??_??_?_?_?_?_??_??_????_?_??_?,1.84,2.2,1.34,3.69,2.07,2.62,3.09,8.02,0.87
7,7,7,3,sentence,CREATIVE2_A1,P02_P2,en,zh,P,2,P02,4,358425,62627,319437,29971,9017,24,26304,12684,15,21129,17859,7,19896,19092,6,5076,33912,1,4,0,0,0,0,0,0,0,0,102,94,102,94,0,0,0,0,8,29,12,20,0,---,??_?_?_??_??_?_???_?_??_?_??_?,2.75,1.75,1.28,3.75,2.69,2.71,3.33,5.09,0.79
8,8,8,3,sentence,CREATIVE2_A1,P02_P2,en,zh,P,2,P02,2,18308,18308,10152,7193,963,3,7193,963,3,6004,2152,1,6004,2152,1,6004,2152,1,3,0,0,0,0,0,0,0,0,18,18,18,18,0,0,0,0,8,27,7,11,0,---,?_??_?_??_?_??_?,1.25,2.5,1.28,2,0.99,1.61,2.36,4.47,0.69
9,9,9,4,sentence,CREATIVE2_A1,P02_P2,en,zh,P,2,P02,1,43434,43434,6574,33170,3690,18,31254,5606,13,24926,11934,4,23656,13204,3,16759,20101,1,1,0,0,0,0,0,0,0,0,60,58,60,58,0,0,0,0,4,14,5,9,0,---,?_?_????_?_?,2,1.5,1.34,2.5,1.11,1.84,2.09,3.86,0.71
10,10,10,4,sentence,CREATIVE2_A1,P02_P2,en,zh,P,2,P02,3,403048,403048,192818,189884,20346,80,182280,27950,61,154625,55605,22,142223,68007,14,121006,89224,8,8,0,0,0,0,0,0,0,0,267,280,267,280,0,0,0,0,27,140,36,57,0,---,?_S_?_?_ilite_??_??_?_?_?_?_?_?_??_???_??_?_????_?_?_?_??_??_?_?_?_??_?_?_??_??_?_?_??_??_?,1.67,1.74,0.86,5.19,2.8,2.77,3.33,7.25,0.88
11,11,11,4,sentence,CREATIVE2_A1,P02_P2,en,zh,P,2,P02,1,30098,30098,21427,8218,453,3,8218,453,3,6913,1758,1,6913,1758,1,6913,1758,1,1,0,0,0,0,0,0,0,0,7,13,7,13,0,0,0,0,14,73,13,20,0,---,??_?_?_??_?_?_??_?_??_?_??_??_?,1.36,1.71,1.18,2.79,1.62,1.71,2.16,5.62,0.77
12,12,12,4,sentence,CREATIVE2_A1,P02_P2,en,zh,P,2,P02,1,41625,41625,10937,25444,5244,16,24663,6025,14,18819,11869,6,15827,14861,4,7700,22988,1,1,0,0,0,0,0,0,0,0,65,64,65,64,0,0,0,0,10,47,9,21,0,---,???_??_????_?_???_??_?_???_?,2,2.6,0.6,5.2,2.21,2.15,3.06,5.24,0.77
13,13,13,4,sentence,CREATIVE2_A1,P02_P2,en,zh,P,2,P02,2,175875,175875,165226,7688,2961,11,6150,4499,7,1592,9057,1,0,10649,0,0,10649,0,1,0,0,0,0,0,0,0,0,41,41,41,41,0,0,0,0,5,20,5,8,0,---,?_??_??_?_?,1.4,1.4,0.17,1.6,0.82,2.21,2.26,4.16,0.72
14,14,14,4,sentence,CREATIVE2_A1,P02_P2,en,zh,P,2,P02,3,159870,159870,118863,37749,3258,16,36509,4498,13,31314,9693,6,30287,10720,5,18104,22903,1,6,0,0,0,0,0,0,0,0,51,50,51,50,0,0,0,0,29,142,26,43,0,---,??_???_??_?_??_?_?_??_??_??_?_?_??_??_?_?_??_??_?_??_??_?_?_??_??_?,1.55,1.83,1.15,4.52,2.29,2.09,2.67,6.94,0.83
15,15,15,5,sentence,CREATIVE2_A1,P02_P2,en,zh,P,2,P02,1,211189,211189,144501,61752,4936,28,59770,6918,23,51353,15335,11,44762,21926,6,33188,33500,3,2,0,0,0,0,0,0,0,0,81,91,81,91,0,0,0,0,21,107,22,37,0,---,?_???_?_S_?_?_ilite_??_??_?_?_??_?_?_??_??_?_??_??_?_??_?,1.76,1.86,1.64,8.14,3.01,2.74,3.18,6.7,0.85
1,1,1,6,paragraph,CREATIVE2_A1,P02_P5,en,zh,P,5,P02,1,13675520,10771,13664749,10145,626,4,9743,1028,3,9189,1582,2,7671,3100,1,7671,3100,1,0,0,0,0,0,0,0,0,0,10,9,10,9,0,0,0,0,3,18,2,4,0,---,??_??,1,1.67,0.15,1,0.51,1.88,2.55,2.92,0.6
2,2,2,7,paragraph,CREATIVE2_A1,P02_P5,en,zh,P,5,P02,1,10959,10959,6035,3253,1671,5,2044,2880,2,1494,3430,1,0,4924,0,0,4924,0,1,0,0,0,0,0,0,0,0,14,15,14,15,0,0,0,0,6,28,2,7,0,---,??_????,1,4.33,2.93,1.83,1.19,2.99,3.06,4.38,0.74
3,3,3,8,paragraph,CREATIVE2_A1,P02_P5,en,zh,P,5,P02,0,0,0,0,0,0,0,0,0,0,0,0,0,0,0,0,0,0,0,0,0,0,0,0,0,0,0,0,0,0,0,0,0,0,0,0,11,53,14,20,0,---,?_?_?_??_?_??_??_?_?_?_??_??_?_?,1.27,1,0.3,3.82,0.66,0.55,0.97,4.72,0.7
4,4,4,9,paragraph,CREATIVE2_A1,P02_P5,en,zh,P,5,P02,2,577956,577956,74904,469119,33933,147,455642,47410,114,423628,79424,67,391734,111318,44,334598,168454,26,23,0,0,0,0,0,0,0,0,469,464,469,464,0,0,0,0,131,629,142,224,0,---,?_?_??_??_??_??_?_?_?_?_?_?_??_??_?_?_??_?_?_?_?_??_?_?_??_?_?_?_?_?_??_eMotiv_??_?_?_??_??_?_?_??_?_??_?_?_??_???_?_??_???_?_???_?_???_?_?_?_??_??_?_?_??_??_??_?_?_??_?_?_??_??_??_?_?_?_?_?_??_?_??_?_?_??_?_?_??_?_??_?_??_???_?_??_?_?_??_?_?_?_??_??_?_?_??_?_2017_?_?_?_??_??_??_??_?_?_????_?_?_?_????_?_????_?_??_?_??_?_??_??_??_?_?_??_??_?_?_??_?_??_?_??_??_?,1.44,1.46,0.66,4.56,1.46,1.54,1.99,8.53,0.82
5,5,5,10,paragraph,CREATIVE2_A1,P02_P5,en,zh,P,5,P02,1,232071,232071,11653,216207,4211,42,212593,7825,33,206384,14034,24,205068,15350,23,170601,49817,12,14,0,0,0,0,0,0,0,0,82,82,82,82,0,0,0,0,107,502,106,169,0,---,??_??_??_??_?_?_??_??_?_?_?_??_?_?_?_??_?_??_??_??_?_??_?_??_?_?_??_?_??_??_??_?_??_???_??_??_??_?_???_??_??_?_??_?_??_??_?_??_???_??_??_?_?_??_??_?_?_?_?_??_??_?_?_?_?_??_??_?_??_?_?_??_?_?_?_??_?_??_?_?_?_?_???_?_?_??_?_??_?_?_?_?_??_600_??_?_??_?_??_?_?_????_?_???_??_?,1.31,1.58,0.56,2.8,1.44,1.44,2.08,8.1,0.81
1,1,1,1,paragraph,CREATIVE2_A1,P03_P2,en,zh,P,2,P03,1,34326,34326,33500,616,210,1,616,210,1,0,826,0,0,826,0,0,826,0,1,0,0,0,0,0,0,0,0,4,3,4,3,0,0,0,0,1,5,1,2,0,---,??,1,1,0,1,0.46,3.46,3.46,2.22,0.64
2,2,2,2,paragraph,CREATIVE2_A1,P03_P2,en,zh,P,2,P03,3,4397714,3386300,1125516,3143729,128469,545,3096595,175603,426,2968203,303995,246,2868655,403543,170,2663682,608516,104,82,0,0,0,0,0,0,0,0,1299,1280,1299,1280,0,0,0,0,126,696,152,259,0,---,???_????_?_??_?_??_??_?_?_??_??_?_?_??_?_?_??_????_?_??_??_?_?_?_?_??_?_??_?_??_?_??_??_?_??_?_??_?_??_?_??_??_?_??_?_????_??_?_??_?_?_??_??_?_??_?_??_?_??_?_??_??_??_??_??_?_??_?_?_??_?_??_??_??_?_??_?_?_?_??_?_??_??_?_???_???_???_??_?_?_??_?_?_??_??_??_?_??_??_?_?_?_??_?_?_??_??_??_?_??_—_—_??_??_??_??_??_?_??_??_??_??_??_?_??_??_?_??_??_??_?_???_??_??_?_?_??_?_?_?_?_????_?_??_??_?_??_??_500_?_???_?,1.85,1.89,0.99,4.51,2.22,2.37,2.86,8.92,0.85
3,3,3,3,paragraph,CREATIVE2_A1,P03_P2,en,zh,P,2,P03,2,293168,293168,123015,158165,11988,45,153844,16309,35,142645,27508,18,134026,36127,12,112852,57301,5,10,0,0,0,0,0,0,0,0,139,141,139,141,0,0,0,0,16,56,10,22,0,---,?_???_??_????_?_??_????_?_??_?,3,5.5,2.23,6.38,3.46,3.01,3.46,5.71,0.77
4,4,4,4,paragraph,CREATIVE2_A1,P03_P2,en,zh,P,2,P03,2,2305566,1928122,402471,1787054,116041,507,1735185,167910,374,1622627,280468,212,1483212,419883,112,1324354,578741,60,39,0,0,0,0,0,0,0,0,1261,1272,1261,1272,0,0,0,0,89,436,94,162,0,---,?_?_??_?_?_??_??_?_?_??_?_??_???_?_??_??_??_?_??_?_??_?_??_?_??_?_?_??_?_?_??_??_??_?_??_?_??_??_?_???_?_??_?_??_??_??_??_?_???_?_?_?_????_?_???_?_??_?_???_??_??_?_?_?_??_???_??_??_?_???_?_??_?_???_??_??_?_??_??_?_??_?_??_??_??_??_?_??_??_??_?_??_??_?,2.25,2.6,1.25,5.43,2.52,2.88,3.23,8.53,0.86
5,5,5,5,paragraph,CREATIVE2_A1,P03_P2,en,zh,P,2,P03,1,604543,604543,194794,393524,16225,51,388825,20924,39,381029,28720,28,369756,39993,19,342682,67067,10,6,0,0,0,0,0,0,0,0,128,148,128,148,0,0,0,0,21,107,15,27,0,---,???_???_??_??_?_?_?_??_???_?_?_??_?_??_?,1.19,2.52,1.66,4.76,2.61,1.91,2.98,6.7,0.85
1,1,1,6,sentence,CREATIVE2_A1,P03_P5,en,zh,P,5,P03,1,48412,48412,25552,21532,1328,6,21532,1328,6,19364,3496,3,18323,4537,2,18323,4537,2,1,0,0,0,0,0,0,0,0,15,15,15,15,0,0,0,0,3,18,2,4,0,---,??_??,1,1.67,0.15,1,0.51,1.77,1.77,2.92,0.6
2,2,2,7,sentence,CREATIVE2_A1,P03_P5,en,zh,P,5,P03,0,0,0,0,0,0,0,0,0,0,0,0,0,0,0,0,0,0,0,0,0,0,0,0,0,0,0,0,0,0,0,0,0,0,0,0,6,28,4,8,0,---,??_??_?_??,1,1.67,1.88,2.17,1.89,1.71,2.46,4.38,0.74
3,3,3,8,sentence,CREATIVE2_A1,P03_P5,en,zh,P,5,P03,0,0,0,0,0,0,0,0,0,0,0,0,0,0,0,0,0,0,0,0,0,0,0,0,0,0,0,0,0,0,0,0,0,0,0,0,11,53,14,20,0,---,?_?_?_??_?_??_??_?_?_?_??_??_?_?,1.27,1,0.3,4,0.84,0.55,1.06,4.72,0.7
4,4,4,9,sentence,CREATIVE2_A1,P03_P5,en,zh,P,5,P03,1,134802,134802,99457,31279,4066,18,29065,6280,12,25222,10123,6,21282,14063,3,16407,18938,1,3,0,0,0,0,0,0,0,0,45,41,45,41,0,0,0,0,8,39,12,16,0,---,?_?_??_??_??_?_?_?_?_?_?_?,1.75,1.75,0.38,5.38,2.5,2.17,2.65,4.51,0.71
5,5,5,9,sentence,CREATIVE2_A1,P03_P5,en,zh,P,5,P03,0,0,0,0,0,0,0,0,0,0,0,0,0,0,0,0,0,0,0,0,0,0,0,0,0,0,0,0,0,0,0,0,0,0,0,0,12,47,11,15,0,---,?_?_?_?_?_??_??_?_?_??_?,1,1.17,0.19,2.83,0.31,0.19,0.39,4.25,0.62
6,6,6,9,sentence,CREATIVE2_A1,P03_P5,en,zh,P,5,P03,3,913054,913054,212221,675198,25635,137,668302,32531,119,632247,68586,66,608523,92310,49,522240,178593,23,31,0,0,0,0,0,0,0,0,443,449,443,449,0,0,0,0,36,184,40,60,0,---,?_?_?_?_?_?_??_?_?_?_?_?_??_??_??_?_?_??_??_?_?_???_?_?_??_??_??_?_??_??_?_???_???_?_?_?_??_??_?_?,1.58,1.67,0.69,7.97,1.58,1.87,2.36,6.98,0.82
7,7,7,9,sentence,CREATIVE2_A1,P03_P5,en,zh,P,5,P03,3,544360,544360,79252,454605,10503,63,450588,14520,53,430639,34469,26,416044,49064,15,402947,62161,10,10,0,0,0,0,0,0,0,0,135,131,135,131,0,0,0,0,22,99,28,41,0,---,??_?_??_??_??_?_?_?_??_?_??_?_??_??_?_??_?_?_?_??_?_??_?_?_??_?_?_?,1.64,1.45,0.67,3.05,1.63,1.95,2.33,6.23,0.8
8,8,8,9,sentence,CREATIVE2_A1,P03_P5,en,zh,P,5,P03,1,56485,56485,34536,20694,1255,10,20378,1571,9,16596,5353,4,16596,5353,4,6659,15290,1,2,0,0,0,0,0,0,0,0,18,17,18,17,0,0,0,0,7,40,8,14,0,---,??_?_??_???_?_??_?_?,1.43,1.29,0.07,2.71,1.33,0.83,1.5,3.67,0.6
9,9,9,9,sentence,CREATIVE2_A1,P03_P5,en,zh,P,5,P03,1,66422,66422,52858,10694,2870,9,10355,3209,8,6418,7146,3,3934,9630,1,0,13564,0,1,0,0,0,0,0,0,0,0,29,26,29,26,0,0,0,0,8,31,8,13,0,---,??_?_??_?_??_??_?_?,1.25,1.75,0.71,4.75,2.33,1.8,2.82,5.03,0.79
10,10,10,9,sentence,CREATIVE2_A1,P03_P5,en,zh,P,5,P03,1,59839,59839,16853,38470,4516,17,37400,5586,14,32063,10923,6,28989,13997,4,24915,18071,3,1,0,0,0,0,0,0,0,0,48,44,48,44,0,0,0,0,11,47,13,23,0,---,2017_?_?_?_?_??_??_?_??_??_??_?_?,1.73,1.55,0.95,4.64,2.22,1.97,2.93,5.93,0.87
11,11,11,9,sentence,CREATIVE2_A1,P03_P5,en,zh,P,5,P03,2,235701,235701,37483,184950,13268,34,182608,15610,28,173647,24571,15,169698,28520,12,153016,45202,7,2,0,0,0,0,0,0,0,0,115,114,115,114,0,0,0,0,17,94,19,33,0,---,??_?_????_?_??_??_??_?_?_??_??_?_???_?_?_??_??_?_?,1.88,2.41,1.37,3.59,2.45,2.25,3.08,5.94,0.8
12,12,12,9,sentence,CREATIVE2_A1,P03_P5,en,zh,P,5,P03,3,124452,124452,114652,6761,3039,9,5492,4308,6,2659,7141,2,0,9800,0,0,9800,0,4,0,0,0,0,0,0,0,0,40,37,40,37,0,0,0,0,10,48,10,18,0,---,?_??_????_?_?_?_??_??_??_?,1.4,1.4,0.06,1.8,1.16,1.6,1.68,4.25,0.64
13,13,13,10,sentence,CREATIVE2_A1,P03_P5,en,zh,P,5,P03,2,367967,367967,70892,290534,6541,25,289048,8027,21,282306,14769,10,282306,14769,10,267633,29442,5,6,0,0,0,0,0,0,0,0,73,70,73,70,0,0,0,0,23,105,30,44,0,---,??_??_??_?_??_?_??_?_?_?_?_??_?_?_?_??_?_?_??_??_??_?_??_?_?_??_?_?_??_?,1.43,1.17,0.36,3.35,1.25,1.17,2.06,6,0.76
14,14,14,10,sentence,CREATIVE2_A1,P03_P5,en,zh,P,5,P03,1,268624,268624,20666,235013,12945,43,231731,16227,34,219306,28652,16,209844,38114,9,199365,48593,6,6,0,0,0,0,0,0,0,0,109,109,109,109,0,0,0,0,30,144,27,48,0,---,??_??_?_?_??_?_?_??_???_??_??_??_?_??_??_?_??_??_??_??_?_??_???_??_??_?_?,1.4,1.93,0.63,2.97,1.68,1.42,2.29,6.59,0.8
15,15,15,10,sentence,CREATIVE2_A1,P03_P5,en,zh,P,5,P03,2,435708,435708,269034,162598,4076,17,161065,5609,13,159252,7422,10,153140,13534,5,148141,18533,3,5,0,0,0,0,0,0,0,0,52,45,52,45,0,0,0,0,28,141,29,44,0,---,??_??_?_?_?_?_??_?_??_?_?_?_??_????_?_??_??_?_?_??_?_?_??_?_??_?_??_?_?,1.32,1.43,0.41,3.04,1.39,1.18,1.98,6.26,0.77
16,16,16,10,sentence,CREATIVE2_A1,P03_P5,en,zh,P,5,P03,0,0,0,0,0,0,0,0,0,0,0,0,0,0,0,0,0,0,0,0,0,0,0,0,0,0,0,0,0,0,0,0,0,0,0,0,9,35,8,13,0,---,?_???_?_?_??_?_??_?,1.33,1.67,0.07,1.44,0.45,0.52,0.71,4.26,0.66
17,17,17,10,sentence,CREATIVE2_A1,P03_P5,en,zh,P,5,P03,1,426894,426894,157591,255602,13701,44,252980,16323,37,243073,26230,23,233986,35317,16,212644,56659,9,7,0,0,0,0,0,0,0,0,130,123,130,123,0,0,0,0,17,77,22,37,0,---,??_600_??_?_?_??_?_?_?_?_??_??_?_?_?_??_??_??_?_?_????_?,2.29,1.82,1.29,4.76,2.13,2.31,2.82,6.08,0.82
1,1,1,1,sentence,CREATIVE2_A1,P04_P2,en,zh,P,2,P04,1,50785724,73982,50711742,72886,1096,5,72403,1579,4,70759,3223,2,69426,4556,1,69426,4556,1,0,0,0,0,0,0,0,0,0,15,13,15,13,0,0,0,0,1,5,2,4,0,---,??_??,2,1,0,2,2.46,3.46,3.46,2.22,0.64
2,2,2,2,sentence,CREATIVE2_A1,P04_P2,en,zh,P,2,P04,1,7757,7757,1718,4913,1126,7,3804,2235,4,2619,3420,2,0,6039,0,0,6039,0,0,0,0,0,0,0,0,0,0,17,15,17,15,0,0,0,0,5,27,5,10,0,---,???_??_?_??_?,1.2,1.4,0.59,2.6,2.46,1.93,2.86,4.06,0.7
3,3,3,2,sentence,CREATIVE2_A1,P04_P2,en,zh,P,2,P04,3,931357,103513,858711,61819,10827,27,58695,13951,19,53186,19460,12,46739,25907,7,35981,36665,3,7,0,0,0,0,0,0,0,0,111,110,111,110,0,0,0,0,15,73,18,28,0,---,??_?_??_?_?_??_?_??_?_??_?_??_?_??_?_??_??_?,1.33,1.13,0,2.73,1.93,1.79,2.69,5.41,0.74
4,4,4,2,sentence,CREATIVE2_A1,P04_P2,en,zh,P,2,P04,3,246750,246750,172792,67023,6935,24,63338,10620,15,61316,12642,12,56224,17734,8,43821,30137,4,9,0,0,0,0,0,0,0,0,79,78,79,78,0,0,0,0,16,91,16,27,0,---,??_?_??_??_??_??_?_??_?_??_?_??_??_?_??_?,1.19,1.5,0.59,2.44,1.03,1.18,1.46,5.92,0.79
5,5,5,2,sentence,CREATIVE2_A1,P04_P2,en,zh,P,2,P04,4,693848,693848,141663,529842,22343,72,521567,30618,51,506683,45502,28,493764,58421,20,464858,87327,12,17,0,0,0,0,0,0,0,0,244,249,244,249,0,0,0,0,35,180,44,68,0,---,?_??_?_?_??_?_??_?_??_??_??_?_??_?_??_?_???_?_??_??_?_?_??_??_?_?_???_?_??_?_?_??_?_?_??_??_?_?_???_?_?_??_?_?,1.54,1.51,0.55,3.71,1.88,2,2.57,7.11,0.83
6,6,6,2,sentence,CREATIVE2_A1,P04_P2,en,zh,P,2,P04,5,1739919,420780,903901,791120,44898,151,771291,64727,101,730922,105096,42,705683,130335,23,677922,158096,13,25,0,0,0,0,0,0,0,0,556,555,556,555,0,0,0,0,55,325,61,101,0,---,??_?_?_??_?_?_?_??_??_?_??_—_—_?_??_??_????_?_??_???_?_??_??_??_??_?_??_?_?_?_?_??_??_?_???_?_?_?_?_??_????_?_???_???_?_?_?_?_??_??_???_?_?_??_?_??_?_??_??_??_?,2.05,2.09,1.19,6.6,2.48,2.58,3.06,8.02,0.87
7,7,7,3,sentence,CREATIVE2_A1,P04_P2,en,zh,P,2,P04,4,119962,119962,96749,19088,4125,15,17337,5876,10,13727,9486,5,10149,13064,2,8097,15116,1,4,0,0,0,0,0,0,0,0,52,51,52,51,0,0,0,0,8,29,4,9,0,---,???_??_??_?,1.75,4.75,1.44,2.75,2.17,2.71,3.33,5.09,0.79
8,8,8,3,sentence,CREATIVE2_A1,P04_P2,en,zh,P,2,P04,1,13211,13211,12109,597,505,1,597,505,1,0,1102,0,0,1102,0,0,1102,0,1,0,0,0,0,0,0,0,0,4,6,4,6,0,0,0,0,8,27,6,9,0,---,?_??_?_?_??_?,1.12,2.5,1.28,1.75,0.88,1.61,1.94,4.47,0.69
9,9,9,4,sentence,CREATIVE2_A1,P04_P2,en,zh,P,2,P04,1,13716,13716,8217,3090,2409,7,1630,3869,3,0,5499,0,0,5499,0,0,5499,0,1,0,0,0,0,0,0,0,0,24,24,24,24,0,0,0,0,4,14,5,7,0,---,?_?_?_??_?,1.25,1,0.49,1.5,1.37,1.44,1.92,3.86,0.71
10,10,10,4,sentence,CREATIVE2_A1,P04_P2,en,zh,P,2,P04,4,291638,291638,51541,219258,20839,74,209278,30819,49,197327,42770,33,175253,64844,18,151588,88509,10,17,0,0,0,0,0,0,0,0,250,272,250,272,0,0,0,0,27,140,31,48,0,---,?_?_?_??_?_??_?_??_??_??_?_?_?_?_?_??_?_??_??_??_?_??_??_??_??_??_?_?_??_??_?,1.78,2.11,1.28,4.7,2.47,2.63,3.33,7.25,0.88
11,11,11,4,sentence,CREATIVE2_A1,P04_P2,en,zh,P,2,P04,2,115932,115932,86444,24682,4806,22,19913,9575,10,14859,14629,3,14859,14629,3,7888,21600,1,2,0,0,0,0,0,0,0,0,70,73,70,73,0,0,0,0,14,73,14,23,0,---,??_??_?_??_?_??_?_??_?_?_???_?_??_?,1.29,1.71,0.55,2.36,1.61,1.74,2.41,5.62,0.77
12,12,12,4,sentence,CREATIVE2_A1,P04_P2,en,zh,P,2,P04,2,161561,161561,92332,63129,6100,27,59145,10084,17,51882,17347,6,46292,22937,2,43022,26207,1,2,0,0,0,0,0,0,0,0,80,83,80,83,0,0,0,0,10,47,8,17,0,---,???_??_???_??_?_??_??_?,1.7,3.2,1.34,4,2.34,2.15,2.6,5.24,0.77
13,13,13,4,sentence,CREATIVE2_A1,P04_P2,en,zh,P,2,P04,1,6050,6050,2934,1261,1855,3,550,2566,1,0,3116,0,0,3116,0,0,3116,0,0,0,0,0,0,0,0,0,0,17,19,17,19,0,0,0,0,5,20,5,6,0,---,?_?_?_?_?,1.4,1.4,0.17,1.6,0.82,1.26,1.43,4.16,0.72
14,14,14,4,sentence,CREATIVE2_A1,P04_P2,en,zh,P,2,P04,1,105315,105315,12572,78642,14101,35,74091,18652,24,66624,26119,14,55609,37134,7,49319,43424,5,1,0,0,0,0,0,0,0,0,170,171,170,171,0,0,0,0,29,142,25,41,0,---,??_??_??_?_??_?_?_??_??_?_?_??_??_??_??_?_?_??_?_??_??_?_??_??_?,1.28,1.69,1.06,3.79,2.11,2.6,3.2,6.94,0.83
15,15,15,5,sentence,CREATIVE2_A1,P04_P2,en,zh,P,2,P04,2,217806,217806,143410,65163,9233,40,60842,13554,29,51119,23277,13,44693,29703,9,26176,48220,3,9,0,0,0,0,0,0,0,0,160,170,160,170,0,0,0,0,21,107,22,37,0,---,?_?_?_??_??_??_?_???_??_?_??_??_??_?_?_??_??_?_??_??_??_?,1.62,1.86,1.52,5.86,2.46,2.13,2.88,6.7,0.85
1,1,1,6,paragraph,CREATIVE2_A1,P04_P5,en,zh,P,5,P04,1,23736424,2056,23734368,1018,1038,1,1018,1038,1,1018,1038,1,0,2056,0,0,2056,0,0,0,0,0,0,0,0,0,0,20,19,20,19,0,0,0,0,3,18,2,4,0,---,??_??,1,1.67,0.15,1.33,1.74,2.99,2.99,2.92,0.6
2,2,2,7,paragraph,CREATIVE2_A1,P04_P5,en,zh,P,5,P04,2,64879,64879,55652,6805,2422,8,5246,3981,4,3980,5247,2,2385,6842,1,0,9227,0,1,0,0,0,0,0,0,0,0,26,26,26,26,0,0,0,0,6,28,4,8,0,---,??_???_?_?,1,1.67,1.99,1.67,1.26,2.29,2.99,4.38,0.74
3,3,3,8,paragraph,CREATIVE2_A1,P04_P5,en,zh,P,5,P04,1,50853,50853,39629,8146,3078,9,7764,3460,8,3666,7558,3,0,11224,0,0,11224,0,1,0,0,0,0,0,0,0,0,50,52,50,52,0,0,0,0,11,53,12,18,0,---,?_?_?_??_?_??_??_?_?_??_??_?,1.27,1.18,0.66,4,1.18,1.17,1.68,4.72,0.7
4,4,4,9,paragraph,CREATIVE2_A1,P04_P5,en,zh,P,5,P04,2,3473372,945316,48307,3381694,43371,171,3366103,58962,131,3333963,91102,82,3287963,137102,51,3222262,202803,29,30,0,0,0,0,0,0,0,0,590,609,590,609,0,0,0,0,131,629,125,199,0,---,?_??_??_?_?_??_?_?_??_?_?_?_?_?_??_??_?_?_??_?_?_??_??_?_?_?_?_?_?_??_?_?_?_??_Emotiv_??_??_?_?_??_??_?_?_??_??_??_?_????_?_????_??_?_?_?_??_??_??_?_??_??_?_?_??_?_??_?_?_?_??_?_??_?_??_?_?_?_??_?_??_???_?_??_?_??_?_??_?_??_?_?_2017_?_?_??_?_?_??_??_??_??_?_??_?_?_?_??_?_???_??_?_??_??_???_?_??_?_?_?_??_?_?_??_??_??_?,1.46,1.85,0.93,4.03,1.7,1.65,2.23,8.53,0.82
5,5,5,10,paragraph,CREATIVE2_A1,P04_P5,en,zh,P,5,P04,2,1389868,1179052,225036,1110332,54500,168,1089176,75656,115,1052486,112346,62,1021425,143407,39,993524,171308,30,40,0,0,0,0,0,0,0,0,790,787,790,787,0,0,0,0,107,502,109,172,0,---,??_??_??_?_??_?_?_????_?_??_?_?_??_??_?_?_??_??_??_?_??_??_?_?_?_??_?_??_??_?_??_?_??_???_??_?_??_??_?_??_??_??_?_?_??_??_???_?_??_?_??_?_?_??_?_?_?_??_?_??_?_?_??_??_?_??_??_?_??_???_?_??_?_??_?_??_?_??_?_?_??_??_??_?_?_?_?_?_??_?_?_?_?_?_?_?_?_??_???_?_?_?_?_?_????_?_?_????_?,1.37,1.72,0.75,2.87,2.12,1.98,2.67,8.1,0.81
1,1,1,1,paragraph,CREATIVE2_A1,P05_P2,en,zh,P,2,P05,1,34579,34579,33306,1273,0,2,917,356,1,0,1273,0,0,1273,0,0,1273,0,0,0,0,0,0,0,0,0,0,2,1,2,1,0,0,0,0,1,5,2,2,0,---,?_S,2,1,0,2,2.46,3.46,3.46,2.22,0.64
2,2,2,2,paragraph,CREATIVE2_A1,P05_P2,en,zh,P,2,P05,2,974840,739490,52999,864282,57559,169,843125,78716,116,811000,110841,71,761273,160568,35,709728,212113,18,21,0,0,0,0,0,0,0,0,610,627,610,627,0,0,0,0,126,696,132,221,0,---,???_????_?_??_?_??_??_?_?_??_?_?_??_?_??_?_??_????_?_??_?_??_?_??_??_??_??_?_??_?_??_?_??_??_?_??_?_??_?_??_??_??_??_??_?_?_?_??_??_??_??_?_??_?_??_??_??_??_?_??_?_??_?_??_?_??_?_??_?_?_?_???_?_?_??_?_?_??_??_??_?_??_??_??_?_??_—_—_??_??_??_??_??_?_??_??_??_?_?_?_?_??_?_??_??_?_??_??_?_??_??_?_??_—_—_??_??_?_??_?_?_??_??_?_??_?_?_??_??_???_???_?,1.63,1.89,1.11,3.17,1.77,1.9,2.52,8.92,0.85
3,3,3,3,paragraph,CREATIVE2_A1,P05_P2,en,zh,P,2,P05,2,203734,203734,182240,14344,7150,16,11412,10082,9,7242,14252,3,5896,15598,2,0,21494,0,5,0,0,0,0,0,0,0,0,74,78,74,78,0,0,0,0,16,56,12,20,0,---,???_?_??_?_??_?_?_??_??_?_??_?,2,3.38,1.99,3.31,1.93,2.46,2.76,5.71,0.77
4,4,4,4,paragraph,CREATIVE2_A1,P05_P2,en,zh,P,2,P05,3,501273,501273,65655,379096,56522,143,367517,68101,113,332606,103012,63,294895,140723,35,233012,202606,14,25,0,0,0,0,0,0,0,0,709,726,709,726,0,0,0,0,89,436,92,156,0,---,?_??_??_?_??_?_?_??_??_??_?_??_?_??_?_?_??_?_??_??_??_?_??_????_?_????_??_?_?_?_??_??_??_?_??_??_??_?_??_?_?_??_?_?_??_?_??_??_???_?_???_???_?_??_?_?_?_??_???_?_?_?_??_??_?_?_??_???_?_??_??_??_?_??_??_?_??_?_?_??_??_?_??_???_??_??_?_??_?_??_??_?,1.82,2.15,0.93,4.07,2.15,2.48,2.97,8.53,0.86
5,5,5,5,paragraph,CREATIVE2_A1,P05_P2,en,zh,P,2,P05,1,107137,107137,14337,83256,9544,32,78157,14643,19,72071,20729,11,70947,21853,10,57922,34878,5,3,0,0,0,0,0,0,0,0,96,103,96,103,0,0,0,0,21,107,24,40,0,---,?_??_?_??_??_?_??_??_?_???_??_?_??_??_??_?_?_???_?_?_??_?_??_?,1.67,1.76,0.87,6.52,2.35,1.77,2.67,6.7,0.85
1,1,1,6,sentence,CREATIVE2_A1,P05_P5,en,zh,P,5,P05,0,0,0,0,0,0,0,0,0,0,0,0,0,0,0,0,0,0,0,0,0,0,0,0,0,0,0,0,0,0,0,0,0,0,0,0,3,18,2,4,0,---,??_??,1,1.67,0.15,1,0.51,1,1,2.92,0.6
2,2,2,7,sentence,CREATIVE2_A1,P05_P5,en,zh,P,5,P05,1,19618,19618,12405,5718,1495,6,5221,1992,5,2044,5169,1,2044,5169,1,0,7213,0,1,0,0,0,0,0,0,0,0,17,17,17,17,0,0,0,0,6,28,3,8,0,---,??_??_???,1.83,4.33,2.99,1.83,1.71,3.16,3.32,4.38,0.74
3,3,3,8,sentence,CREATIVE2_A1,P05_P5,en,zh,P,5,P05,2,46945,46945,44312,1325,1308,2,1325,1308,2,0,2633,0,0,2633,0,0,2633,0,2,0,0,0,0,0,0,0,0,14,13,14,13,0,0,0,0,11,53,14,21,0,---,?_?_?_??_?_??_??_?_??_?_??_??_?_?,2,1.55,1.1,4.64,1.17,1.36,1.7,4.72,0.7
4,4,4,9,sentence,CREATIVE2_A1,P05_P5,en,zh,P,5,P05,1,16750,16750,4207,10325,2218,5,10325,2218,5,8073,4470,2,6533,6010,1,6533,6010,1,3,0,0,0,0,0,0,0,0,24,20,24,20,0,0,0,0,8,39,10,16,0,---,?_?_??_??_??_?_?_??_??_?,1.62,1.25,1.05,2,2.05,1.54,2.07,4.51,0.71
5,5,5,9,sentence,CREATIVE2_A1,P05_P5,en,zh,P,5,P05,0,0,0,0,0,0,0,0,0,0,0,0,0,0,0,0,0,0,0,0,0,0,0,0,0,0,0,0,0,0,0,0,0,0,0,0,12,47,11,15,0,---,?_?_?_?_?_??_??_?_?_??_?,1.5,1.67,0.92,3.42,0.91,0.92,1.32,4.25,0.62
6,6,6,9,sentence,CREATIVE2_A1,P05_P5,en,zh,P,5,P05,2,209591,209591,66313,127025,16253,56,121591,21687,41,106186,37092,18,98934,44344,13,75200,68078,5,19,0,0,0,0,0,0,0,0,248,257,248,257,0,0,0,0,36,184,36,57,0,---,?_?_?_?_?_?_?_??_?_?_?_??_eMotiv_??_?_?_??_?_?_?_??_??_??_?_??_??_?_?_??_?_????_?_?_??_??_?,1.72,1.94,1.03,7.47,2.04,1.73,2.45,6.98,0.82
7,7,7,9,sentence,CREATIVE2_A1,P05_P5,en,zh,P,5,P05,2,214388,214388,108616,84656,21116,30,80561,25211,20,73291,32481,10,67998,37774,6,57158,48614,3,8,0,0,0,0,0,0,0,0,195,190,195,190,0,0,0,0,22,99,28,42,0,---,??_??_??_?_?_?_?_??_?_??_?_?_??_?_?_?_???_??_?_??_?_?_?_??_??_??_?_?,1.41,1.36,1.01,5.36,2.22,2.1,2.9,6.23,0.8
8,8,8,9,sentence,CREATIVE2_A1,P05_P5,en,zh,P,5,P05,1,11461,11461,9051,808,1602,2,0,2410,0,0,2410,0,0,2410,0,0,2410,0,1,0,0,0,0,0,0,0,0,13,12,13,12,0,0,0,0,7,40,8,14,0,---,??_?_??_???_?_??_?_?,1.29,1.29,0.07,1.57,1.07,0.91,1.33,3.67,0.6
9,9,9,9,sentence,CREATIVE2_A1,P05_P5,en,zh,P,5,P05,2,26832,26832,20108,5861,863,5,5521,1203,4,4844,1880,3,2367,4357,1,0,6724,0,3,0,0,0,0,0,0,0,0,13,10,13,10,0,0,0,0,8,31,8,13,0,---,??_?_?_??_??_??_?_?,1.12,1.25,0.52,3.38,1.68,1.38,2.24,5.03,0.79
10,10,10,9,sentence,CREATIVE2_A1,P05_P5,en,zh,P,5,P05,2,42910,42910,21914,13251,7745,14,12026,8970,11,6065,14931,3,3668,17328,1,0,20996,0,3,0,0,0,0,0,0,0,0,76,67,76,67,0,0,0,0,11,47,14,28,0,---,????_?_2017_?_?_??_??_?_??_??_??_??_?_?,1.27,1,0.59,4.27,2.1,1.54,2.63,5.93,0.87
11,11,11,9,sentence,CREATIVE2_A1,P05_P5,en,zh,P,5,P05,1,90623,90623,42781,38823,9019,20,37509,10333,17,32670,15172,10,25014,22828,4,22962,24880,3,6,0,0,0,0,0,0,0,0,128,122,128,122,0,0,0,0,17,94,20,38,0,---,????_?_??_????_?_??_?_??_??_?_?_???_??_?_???_?_??_??_?_?,1.47,1.47,1.41,2.24,1.77,1.59,2.26,5.94,0.8
12,12,12,9,sentence,CREATIVE2_A1,P05_P5,en,zh,P,5,P05,2,25484,25484,21853,0,3631,0,0,3631,0,0,3631,0,0,3631,0,0,3631,0,2,0,0,0,0,0,0,0,0,29,28,29,28,0,0,0,0,10,48,10,16,0,---,?_??_??_?_?_?_??_??_??_?,1.3,1.4,0.06,1.5,0.47,0.84,0.92,4.25,0.64
13,13,13,10,sentence,CREATIVE2_A1,P05_P5,en,zh,P,5,P05,1,13526,13526,4754,7273,1499,3,6922,1850,2,6330,2442,1,6330,2442,1,6330,2442,1,2,0,0,0,0,0,0,0,0,16,17,16,17,0,0,0,0,23,105,27,40,0,---,??_??_??_?_?_?_??_?_?_?_??_?_?_?_??_?_??_??_??_?_??_?_??_?_?_??_?,1.35,1.35,0.14,3.13,0.84,1,1.37,6,0.76
14,14,14,10,sentence,CREATIVE2_A1,P05_P5,en,zh,P,5,P05,2,150792,150792,37439,98081,15272,41,95456,17897,34,82627,30726,16,74804,38549,10,58651,54702,4,6,0,0,0,0,0,0,0,0,185,181,185,181,0,0,0,0,30,144,29,52,0,---,??_??_?_?_??_?_??_??_??_?_???_??_??_??_?_??_??_?_??_??_??_?_?_??_??_???_??_??_?,1.87,2.13,1.02,4.03,2.14,1.79,2.64,6.59,0.8
15,15,15,10,sentence,CREATIVE2_A1,P05_P5,en,zh,P,5,P05,1,26513,26513,22158,3390,965,3,2663,1692,1,2663,1692,1,2663,1692,1,0,4355,0,2,0,0,0,0,0,0,0,0,10,11,10,11,0,0,0,0,28,141,25,36,0,---,??_??_?_?_?_?_??_??_?_?_?_??_??_?_??_?_?_??_?_?_??_?_??_?_?,1.64,1.93,0.86,3.04,1.51,1.31,1.89,6.26,0.77
16,16,16,10,sentence,CREATIVE2_A1,P05_P5,en,zh,P,5,P05,2,62740,62740,55629,4903,2208,6,4257,2854,4,2845,4266,2,0,7111,0,0,7111,0,2,0,0,0,0,0,0,0,0,20,19,20,19,0,0,0,0,9,35,8,14,0,---,??_???_?_?_??_?_??_?,1.33,1.67,0.07,1.44,0.45,1.97,2.05,4.26,0.66
17,17,17,10,sentence,CREATIVE2_A1,P05_P5,en,zh,P,5,P05,1,16563,16563,10833,4684,1046,4,4684,1046,4,2570,3160,1,2570,3160,1,0,5730,0,2,0,0,0,0,0,0,0,0,10,12,10,12,0,0,0,0,17,77,16,28,0,---,?_??_?_??_600_??_?_?_??_?_?_?_?_???_??_?,1.65,1.82,1.49,2.24,1.52,1.68,2.55,6.08,0.82
1,1,1,1,sentence,CREATIVE2_A1,P06_P2,en,zh,P,2,P06,2,796854,84115,796854,0,0,0,0,0,0,0,0,0,0,0,0,0,0,0,1,0,0,0,0,0,0,0,0,1,1,1,1,0,0,0,0,1,5,1,1,0,---,?,1,1,0,1,0.46,1.14,1.14,2.22,0.64
2,2,2,2,sentence,CREATIVE2_A1,P06_P2,en,zh,P,2,P06,1,33449,33449,19068,12053,2328,12,10122,4259,7,6556,7825,3,3739,10642,1,0,14381,0,0,0,0,0,0,0,0,0,0,33,30,33,30,0,0,0,0,5,27,7,12,0,---,???_??_?_?_?_??_?,1.4,1,1.11,3.2,1.71,1.93,2.43,4.06,0.7
3,3,3,2,sentence,CREATIVE2_A1,P06_P2,en,zh,P,2,P06,3,184987,184987,129049,49628,6310,22,46870,9068,14,39011,16927,3,39011,16927,3,35100,20838,2,8,0,0,0,0,0,0,0,0,77,69,77,69,0,0,0,0,15,73,22,36,0,---,??_?_??_??_?_?_??_?_?_??_??_?_??_?_??_?_??_????_?_??_?_?,1.67,1.13,0,2.2,1.13,1.06,1.46,5.41,0.74
4,4,4,2,sentence,CREATIVE2_A1,P06_P2,en,zh,P,2,P06,2,134632,134632,45654,84004,4974,29,81545,7433,23,73064,15914,11,69123,19855,8,47258,41720,2,5,0,0,0,0,0,0,0,0,64,60,64,60,0,0,0,0,16,91,18,30,0,---,??_??_?_??_??_??_?_??_?_??_?_?_??_?_??_??_??_?,1.44,1.38,0.4,2.56,2.25,1.56,2.89,5.92,0.79
5,5,5,2,sentence,CREATIVE2_A1,P06_P2,en,zh,P,2,P06,5,538603,538603,256602,271260,10741,56,266876,15125,45,252695,29306,25,240573,41428,15,226186,55815,10,15,0,0,0,0,0,0,0,0,133,131,133,131,0,0,0,0,35,180,52,76,0,---,??_?_??_?_?_??_??_??_?_?_?_??_??_??_?_??_?_?_??_??_?_??_?_??_??_?_?_??_?_??_?_?_??_?_??_?_?_?_?_??_?_?_?_???_??_?_?_?_?_??_?_?,1.8,1.34,0.58,3.94,1.9,1.72,2.56,7.11,0.83
6,6,6,2,sentence,CREATIVE2_A1,P06_P2,en,zh,P,2,P06,3,885586,684007,157918,700995,26673,136,686804,40864,99,658172,69496,56,626547,101121,32,590633,137035,19,20,0,0,0,0,0,0,0,0,286,283,286,283,0,0,0,0,55,325,67,104,0,---,??_?_?_?_?_??_?_??_?_?_??_?_?_??_??_?_??_??_??_?_??_?_?_??_?_??_?_?_?_??_??_??_?_??_??_??_??_??_?_??_??_?_?_??_?_?_?_??_??_?_??_??_??_?_?_500_?_??_?_??_?_?_?_??_?_????_?,1.76,1.58,1.32,4.96,2.03,2.41,2.94,8.02,0.87
7,7,7,3,sentence,CREATIVE2_A1,P06_P2,en,zh,P,2,P06,2,173445,173445,153726,15776,3943,18,13113,6606,11,7617,12102,3,4811,14908,1,0,19719,0,2,0,0,0,0,0,0,0,0,38,37,38,37,0,0,0,0,8,29,8,14,0,---,?_??_???_?_??_?_??_?,1.25,1.5,0.78,1.5,2.31,2.46,3.08,5.09,0.79
8,8,8,3,sentence,CREATIVE2_A1,P06_P2,en,zh,P,2,P06,3,210227,210227,158023,44141,8063,32,39355,12849,20,30793,21411,8,25430,26774,4,18980,33224,2,5,0,0,0,0,0,0,0,0,83,81,83,81,0,0,0,0,8,27,6,13,0,---,???_??_?_????_?_?,2.5,3.75,1.64,3.12,2.89,3.03,3.26,4.47,0.69
9,9,9,4,sentence,CREATIVE2_A1,P06_P2,en,zh,P,2,P06,3,115950,115950,95014,16537,4399,20,13317,7619,12,7793,13143,4,5017,15919,2,0,20936,0,6,0,0,0,0,0,0,0,0,58,51,58,51,0,0,0,0,4,14,9,14,0,---,?_?_?_??_?_??_??_??_?,2.25,1,0.49,4.25,2.67,1.59,2.67,3.86,0.71
10,10,10,4,sentence,CREATIVE2_A1,P06_P2,en,zh,P,2,P06,5,964627,562419,476281,466140,22206,118,452951,35395,83,430657,57689,53,405223,83123,33,381645,106701,25,17,0,0,0,0,0,0,0,0,299,308,299,308,0,0,0,0,27,140,41,61,0,---,?_?_?_?_?_??_?_?_??_?_??_??_?_??_?_?_?_??_?_???_?_??_?_??_??_?_??_?_??_?_?_??_??_?_??_?_?_?_???_??_?,2.19,1.52,1.05,6.15,2.45,2.43,3.05,7.25,0.88
11,11,11,4,sentence,CREATIVE2_A1,P06_P2,en,zh,P,2,P06,1,294749,294749,28887,259405,6457,31,256650,9212,24,250156,15706,14,239626,26236,6,237156,28706,5,3,0,0,0,0,0,0,0,0,56,60,56,60,0,0,0,0,14,73,14,22,0,---,??_?_?_??_?_?_??_?_?_??_???_?_??_?,1.5,1.71,0.61,3.21,1.58,1.57,2.28,5.62,0.77
12,12,12,4,sentence,CREATIVE2_A1,P06_P2,en,zh,P,2,P06,3,74527,74527,70750,2893,884,6,1784,1993,3,0,3777,0,0,3777,0,0,3777,0,3,0,0,0,0,0,0,0,0,11,13,11,13,0,0,0,0,10,47,10,18,0,---,???_?_?_??_?_??_?_???_??_?,1.1,1.2,1.34,3.1,1.98,1.63,2.5,5.24,0.77
13,13,13,4,sentence,CREATIVE2_A1,P06_P2,en,zh,P,2,P06,3,93035,93035,68983,18043,6009,17,17383,6669,15,12913,11139,8,4093,19959,2,0,24052,0,2,0,0,0,0,0,0,0,0,64,63,64,63,0,0,0,0,5,20,5,9,0,---,?_??_??_??_?,2.2,2.2,2.08,2.6,2.06,2.21,2.9,4.16,0.72
14,14,14,4,sentence,CREATIVE2_A1,P06_P2,en,zh,P,2,P06,3,395425,395425,126186,255410,13829,78,245434,23805,52,228529,40710,29,216399,52840,20,191550,77689,12,19,0,0,0,0,0,0,0,0,178,166,178,166,0,0,0,0,29,142,34,54,0,---,?_??_?_?_??_?_???_??_?_???_?_??_?_??_??_?_?_??_?_??_??_?_??_?_?_??_??_?_??_?_?_??_??_?,1.48,1.62,0.89,5.28,2.58,1.93,2.96,6.94,0.83
15,15,15,5,sentence,CREATIVE2_A1,P06_P2,en,zh,P,2,P06,4,446577,446577,244925,191818,9834,42,187183,14469,30,179850,21802,19,166485,35167,11,157472,44180,8,12,0,0,0,0,0,0,0,0,105,113,105,113,0,0,0,0,21,107,26,39,0,---,???_??_??_?_?_?_??_?_?_???_?_?_??_?_??_?_??_?_???_?_?_?_?_?_?_?,2.19,1.76,0.91,4.14,2.31,1.63,2.84,6.7,0.85
1,1,1,1,paragraph,CREATIVE2_A1,P09_P2,en,zh,P,2,P09,0,0,0,0,0,0,0,0,0,0,0,0,0,0,0,0,0,0,0,0,0,0,0,0,0,0,0,0,0,0,0,0,0,0,0,0,1,5,1,1,0,---,?,1,1,0,1,0.46,1.14,1.14,2.22,0.64
2,2,2,2,paragraph,CREATIVE2_A1,P09_P2,en,zh,P,2,P09,3,2827028,1332974,1391980,1421195,13853,90,1410537,24511,63,1401095,33953,49,1385715,49333,38,1340914,94134,22,24,0,0,0,0,0,0,0,0,181,171,181,171,0,0,0,0,126,696,156,258,0,---,???_????_?_?_?_??_?_??_?_??_??_?_?_??_?_?_??_?_??_??_?_??_????_?_??_?_??_?_??_??_??_??_?_??_??_?_??_??_?_??_?_S_?_?_ilites_?_??_??_??_?_?_?_?_??_?_??_?_??_?_??_??_?_??_?_??_?_??_??_?_??_?_(_Rashida_)_?_??_?_??_?_??_?_??_?_?_?_???_?_?_??_?_?_??_(_Kito_)_?_?_?_?_??_?_?_??_?_?_?_—_—_??_??_??_?_??_??_?_?_??_?_??_?_??_??_??_??_?_?_???_??_??_??_?_??_?_?_?_??_??_??_?_?_??_?_?_??_??_500_?_??_?_?_?_??_?_??_??_?,1.66,1.51,0.72,4.06,1.71,1.78,2.32,8.92,0.85
3,3,3,3,paragraph,CREATIVE2_A1,P09_P2,en,zh,P,2,P09,2,146272,146272,53861,85534,6877,40,78963,13448,24,72678,19733,14,66542,25869,10,50286,42125,4,7,0,0,0,0,0,0,0,0,80,78,80,78,0,0,0,0,16,56,15,26,0,---,??_??_??_?_???_?_??_?_?_??_??_?_?_??_?,1.5,1.75,1.55,1.81,1.4,2.67,2.98,5.71,0.77
4,4,4,4,paragraph,CREATIVE2_A1,P09_P2,en,zh,P,2,P09,4,1299667,1090186,405914,878517,15236,90,869254,24499,66,851004,42749,40,835935,57818,29,819796,73957,24,23,0,0,0,0,0,0,0,0,197,207,197,207,0,0,0,0,89,436,97,163,0,---,?_??_??_?_?_?_??_?_S_?_?_ilite_?_??_?_??_?_?_?_??_??_??_Kito_??_?_??_??_??_?_??_?_??_?_?_?_??_??_??_?_??_?_?_??_?_?_??_?_??_?_??_??_??_?_?_??_?_???_?_??_?_??_??_??_???_?_?_?_??_?_?_?_??_???_?_??_?_??_?_??_??_??_?_?_??_??_?_???_??_?_?_?_??_??_?_??_?_?,2.07,2.1,1.03,4.83,2.14,2.28,2.82,8.53,0.86
5,5,5,5,paragraph,CREATIVE2_A1,P09_P2,en,zh,P,2,P09,1,490864,490864,51532,429538,9794,77,417364,21968,47,405724,33608,30,394349,44983,21,363770,75562,13,15,0,0,0,0,0,0,0,0,152,153,152,153,0,0,0,0,21,107,26,46,0,---,???_??_?_??_??_??_?_?_S_?_?_ilite_???_?_?_??_??_??_?_??_?_?_?_??_?_?,2.14,1.76,0.87,4.67,2.48,2.45,3.08,6.7,0.85
1,1,1,6,sentence,CREATIVE2_A1,P09_P5,en,zh,P,5,P09,3,314904,64850,274961,36639,3304,17,34571,5372,11,30402,9541,6,27924,12019,4,25824,14119,3,3,0,0,0,0,0,0,0,0,40,40,40,40,0,0,0,0,3,18,2,4,0,---,??_??,1,1.67,0.15,1.33,1.74,2.66,3.32,2.92,0.6
2,2,2,7,sentence,CREATIVE2_A1,P09_P5,en,zh,P,5,P09,1,16234,16234,9662,6140,432,3,6140,432,3,6140,432,3,3577,2995,1,0,6572,0,2,0,0,0,0,0,0,0,0,8,8,8,8,0,0,0,0,6,28,3,8,0,---,??_??_???,0.83,1.83,2.6,1.5,1.52,2.32,3.06,4.38,0.74
3,3,3,8,sentence,CREATIVE2_A1,P09_P5,en,zh,P,5,P09,1,44567,44567,37505,6440,622,3,6440,622,3,6440,622,3,4878,2184,2,0,7062,0,2,0,0,0,0,0,0,0,0,9,8,9,8,0,0,0,0,11,53,15,21,0,---,?_?_?_??_?_??_?_?_?_??_?_??_??_?_?,1.36,1,0.3,4.45,1.17,0.64,1.58,4.72,0.7
4,4,4,9,sentence,CREATIVE2_A1,P09_P5,en,zh,P,5,P09,3,74147,74147,59263,13112,1772,10,11430,3454,6,7474,7410,1,7474,7410,1,7474,7410,1,4,0,0,0,0,0,0,0,0,27,26,27,26,0,0,0,0,8,39,7,13,0,---,?_?_??_????_?_??_?,1.5,2,0.52,2.38,1.03,1.4,1.55,4.51,0.71
5,5,5,9,sentence,CREATIVE2_A1,P09_P5,en,zh,P,5,P09,1,11885,11885,5757,4282,1846,3,3831,2297,2,3233,2895,1,3233,2895,1,0,6128,0,1,0,0,0,0,0,0,0,0,17,13,17,13,0,0,0,0,12,47,13,19,0,---,?_?_?_?_??_??_?_??_??_?_?_??_?,1.5,1.33,0.49,4.08,2,1.16,2.02,4.25,0.62
6,6,6,9,sentence,CREATIVE2_A1,P09_P5,en,zh,P,5,P09,4,630862,630862,141454,475011,14397,137,461682,27726,104,426202,63206,55,404065,85343,39,343278,146130,19,23,0,0,0,0,0,0,0,0,240,252,240,252,0,0,0,0,36,184,32,54,0,---,?_??_?_??_?_?_?_?_?_?_??_?_??_?_eMotive_??_?_??_?_??_?_??_??_???_?_?_??_??_?_??_??_?,1.81,2.33,1.21,3.83,1.78,1.93,2.47,6.98,0.82
7,7,7,9,sentence,CREATIVE2_A1,P09_P5,en,zh,P,5,P09,1,330448,330448,55157,271168,4123,21,269439,5852,17,267294,7997,13,262938,12353,10,247945,27346,6,7,0,0,0,0,0,0,0,0,66,62,66,62,0,0,0,0,22,99,27,41,0,---,??_?_?_??_??_??_?_???_?_?_??_??_?_??_?_?_?_??_?_??_?_?_??_?_?_??_?,1.5,1.36,0.54,2.64,1.27,1.45,2.1,6.23,0.8
8,8,8,9,sentence,CREATIVE2_A1,P09_P5,en,zh,P,5,P09,1,17353,17353,7485,8749,1119,7,6799,3069,2,6248,3620,1,6248,3620,1,6248,3620,1,1,0,0,0,0,0,0,0,0,20,20,20,20,0,0,0,0,7,40,7,13,0,---,??_?_??_???_?_??_?,1.14,1.29,0.07,1.29,0.45,0.31,0.54,3.67,0.6
9,9,9,9,sentence,CREATIVE2_A1,P09_P5,en,zh,P,5,P09,2,47361,47361,30065,16135,1161,9,14223,3073,4,14223,3073,4,12811,4485,3,5140,12156,1,6,0,0,0,0,0,0,0,0,21,18,21,18,0,0,0,0,8,31,8,13,0,---,??_?_?_??_??_??_?_?,1.25,1.5,0.95,3.38,1.93,1.32,2.49,5.03,0.79
10,10,10,9,sentence,CREATIVE2_A1,P09_P5,en,zh,P,5,P09,3,66134,66134,46394,17204,2536,19,13876,5864,10,10842,8898,6,5094,14646,2,0,19740,0,6,0,0,0,0,0,0,0,0,49,44,49,44,0,0,0,0,11,47,13,24,0,---,??_?_2017_?_?_?_??_??_??_??_??_?_?,1.91,1.55,1.32,5.64,1.94,2.38,2.78,5.93,0.87
11,11,11,9,sentence,CREATIVE2_A1,P09_P5,en,zh,P,5,P09,2,181855,181855,51491,124679,5685,27,119300,11064,14,117142,13222,11,112700,17664,8,97120,33244,3,7,0,0,0,0,0,0,0,0,82,80,82,80,0,0,0,0,17,94,17,34,0,---,????_??_?_?_??_?_??_??_????_?_????_?_??_??_??_?_?,2.35,2.41,2.01,4.06,2.46,2.39,2.75,5.94,0.8
12,12,12,9,sentence,CREATIVE2_A1,P09_P5,en,zh,P,5,P09,1,51523,51523,15762,30817,4944,21,27413,8348,12,23574,12187,6,21961,13800,5,12078,23683,1,2,0,0,0,0,0,0,0,0,71,68,71,68,0,0,0,0,10,48,11,18,0,---,?_??_??_??_?_?_??_?_??_??_?,1.5,1.4,0.06,1.8,0.81,1.04,1.42,4.25,0.64
13,13,13,10,sentence,CREATIVE2_A1,P09_P5,en,zh,P,5,P09,3,103414,103414,58895,42389,2130,16,40380,4139,11,38472,6047,8,35158,9361,5,27760,16759,2,8,0,0,0,0,0,0,0,0,36,34,36,34,0,0,0,0,23,105,29,43,0,---,??_?_??_??_?_?_?_?_????_?_?_??_?_?_?_??_?_?_?_??_??_?_??_?_??_?_?_??_?,1.57,1.26,0.63,3.26,1.5,1.49,2.25,6,0.76
14,14,14,10,sentence,CREATIVE2_A1,P09_P5,en,zh,P,5,P09,2,418880,418880,90564,317629,10687,62,311123,17193,45,299353,28963,26,287979,40337,17,275018,53298,13,16,0,0,0,0,0,0,0,0,180,184,180,184,0,0,0,0,30,144,25,44,0,---,??_??_??_?_??_??_?_???_?_??_??_?_?_??_?_??_??_??_?_??_???_??_??_?_?,1.8,2.4,1.23,4.03,1.98,1.96,2.64,6.59,0.8
15,15,15,10,sentence,CREATIVE2_A1,P09_P5,en,zh,P,5,P09,3,231616,231616,127942,95564,8110,33,92473,11201,25,83776,19898,12,77362,26312,7,68855,34819,4,5,0,0,0,0,0,0,0,0,111,107,111,107,0,0,0,0,28,141,27,41,0,---,??_??_?_?_?_?_??_?_??_?_?_?_??_?_??_?_??_??_??_?_?_??_??_??_??_?_?,1.32,1.5,0.39,2.79,1.39,1.14,1.79,6.26,0.77
16,16,16,10,sentence,CREATIVE2_A1,P09_P5,en,zh,P,5,P09,3,79679,79679,58669,19685,1325,14,18356,2654,11,16062,4948,8,8512,12498,3,0,21010,0,5,0,0,0,0,0,0,0,0,27,24,27,24,0,0,0,0,9,35,9,16,0,---,??_??_???_??_?_?_?_??_?,1.44,1.89,0.76,3,2.16,2.66,3.32,4.26,0.66
17,17,17,10,sentence,CREATIVE2_A1,P09_P5,en,zh,P,5,P09,6,449102,449102,136210,294435,18457,102,280974,31918,68,263911,48981,42,245604,67288,28,207686,105206,15,32,0,0,0,0,0,0,0,0,300,271,300,271,0,0,0,0,17,77,25,41,0,---,?_??_?_??_600_?_??_?_?_??_??_?_?_?_?_??_??_?_?_?_?_?_??_????_?,3.76,2.41,1.67,11.35,2.87,2.21,3.14,6.08,0.82
1,1,1,1,paragraph,CREATIVE2_A1,P10_P2,en,zh,P,2,P10,1,10187,10187,10183,0,4,0,0,4,0,0,4,0,0,4,0,0,4,0,1,0,0,0,0,0,0,0,0,5,0,5,0,0,0,0,0,1,5,1,5,0,---,ZeroS,1,1,0,1,0.46,2.46,2.46,2.22,0.64
2,2,2,2,paragraph,CREATIVE2_A1,P10_P2,en,zh,P,2,P10,3,1746685,1049701,718454,982985,45246,207,959622,68609,150,913225,115006,82,871576,156655,51,821827,206404,36,35,0,0,0,0,0,0,0,0,431,414,431,414,0,0,0,0,126,696,151,250,0,---,Asante_????_?_??_?_??_??_?_?_??_?_?_??_?_??_?_??_??_??_?_??_?_??_?_??_???_??_?_??_??_?_?_??_?_??_??_?_??_?_S_?_?_ilites_?_??_?_??_?_?_?_??_??_?_??_?_?_??_??_?_?_??_??_??_?_Rashida_?_??_?_?_??_?_??_?_??_?_?_?_???_??_?_??_?_?_Kito_?_?_?_?_??_?_?_??_?_?_?_—_—_??_??_??_??_?_??_?_??_?_?_?_??_??_??_??_?_?_??_?_??_?_??_?_?_?_?_??_???_?_??_?_???_??_?_?_??_??_??_??_??_??_?_?_??_?_?_?_??_?_?_??_??_??_?,1.73,1.63,0.8,5.4,1.72,1.95,2.46,8.92,0.85
3,3,3,3,paragraph,CREATIVE2_A1,P10_P2,en,zh,P,2,P10,2,132312,132312,115219,12533,4560,15,10232,6861,9,6781,10312,4,3031,14062,1,0,17093,0,4,0,0,0,0,0,0,0,0,37,38,37,38,0,0,0,0,16,56,10,23,0,---,Asnate_??_??_?_?_??_??_?_??_?,1.75,4.12,1.39,2.38,1.54,2.46,2.7,5.71,0.77
4,4,4,4,paragraph,CREATIVE2_A1,P10_P2,en,zh,P,2,P10,2,611294,611294,19756,567125,24413,126,551670,39868,88,529930,61608,56,496816,94722,33,446089,145449,17,23,0,0,0,0,0,0,0,0,234,246,234,246,0,0,0,0,89,436,100,161,0,---,??_?_??_?_?_?_??_?_S_?_?_ilite_??_?_?_?_??_?_?_?_??_?_Kito_?_??_??_?_??_?_??_?_??_?_?_?_?_??_?_??_?_??_?_?_??_?_??_?_??_?_??_??_??_?_?_??_?_Asante_?_?_??_?_??_?_?_???_??_??_?_?_?_??_??_?_?_?_??_???_?_??_??_?_??_??_??_?_?_??_??_?_?_??_?_?_?_??_??_?_??_??_?,1.79,1.76,0.81,4.45,2.1,2.21,2.79,8.53,0.86
5,5,5,5,paragraph,CREATIVE2_A1,P10_P2,en,zh,P,2,P10,2,242437,242437,86864,135794,19779,56,129579,25994,41,117193,38380,23,103905,51668,14,74822,80751,5,11,0,0,0,0,0,0,0,0,147,149,147,149,0,0,0,0,21,107,23,45,0,---,?_?_?_??_??_?_Asante_??_??_?_?_?_S_?_?_ilite_???_?_?_??_??_??_?,1.95,2.14,1.26,6.05,2.47,1.91,3.11,6.7,0.85
1,1,1,6,sentence,CREATIVE2_A1,P10_P5,en,zh,P,5,P10,0,0,0,0,0,0,0,0,0,0,0,0,0,0,0,0,0,0,0,0,0,0,0,0,0,0,0,0,0,0,0,0,0,0,0,0,3,18,2,4,0,---,??_??,1,1.67,0.15,1,0.51,1,1,2.92,0.6
2,2,2,7,sentence,CREATIVE2_A1,P10_P5,en,zh,P,5,P10,1,105681,105681,99126,6542,13,4,6232,323,3,6232,323,3,2773,3782,1,0,6555,0,1,0,0,0,0,0,0,0,0,9,9,9,9,0,0,0,0,6,28,3,8,0,---,??_??_???,1,3,2.6,1.67,1.28,2.32,3.06,4.38,0.74
3,3,3,8,sentence,CREATIVE2_A1,P10_P5,en,zh,P,5,P10,1,81132,81132,14487,64646,1999,12,62251,4394,6,61502,5143,5,58743,7902,3,55702,10943,2,6,0,0,0,0,0,0,0,0,19,18,19,18,0,0,0,0,11,53,15,21,0,---,?_?_??_??_??_?_?_?_?_?_?_??_??_?_?,1.45,1.18,0.41,4.27,1.09,1.15,1.85,4.72,0.7
4,4,4,9,sentence,CREATIVE2_A1,P10_P5,en,zh,P,5,P10,1,3475,3475,2636,344,495,1,0,839,0,0,839,0,0,839,0,0,839,0,1,0,0,0,0,0,0,0,0,3,3,3,3,0,0,0,0,8,39,7,12,0,---,?_?_??_??_??_??_?,1.12,1.75,0.38,2,0.98,1.07,1.28,4.51,0.71
5,5,5,9,sentence,CREATIVE2_A1,P10_P5,en,zh,P,5,P10,0,0,0,0,0,0,0,0,0,0,0,0,0,0,0,0,0,0,0,0,0,0,0,0,0,0,0,0,0,0,0,0,0,0,0,0,12,47,11,15,0,---,?_?_?_?_?_??_??_?_?_??_?,1,1.17,0.19,2.83,0.31,0.19,0.39,4.25,0.62
6,6,6,9,sentence,CREATIVE2_A1,P10_P5,en,zh,P,5,P10,2,365986,365986,33004,319936,13046,96,305692,27290,59,285743,47239,30,267778,65204,17,231799,101183,7,14,0,0,0,0,0,0,0,0,147,151,147,151,0,0,0,0,36,184,34,62,0,---,?_?_?_?_?_?_?_shofar_??_??_eMotiv_??_?_??_?_??_?_?_?_??_??_?_??_??_?_???_??_?_?_?_?_??_??_?,1.19,1.61,0.73,5.33,1.78,1.61,2.39,6.98,0.82
7,7,7,9,sentence,CREATIVE2_A1,P10_P5,en,zh,P,5,P10,1,36773,36773,29147,7451,175,4,6701,925,2,5813,1813,1,5813,1813,1,5813,1813,1,2,0,0,0,0,0,0,0,0,4,5,4,5,0,0,0,0,22,99,26,36,0,---,?_??_??_??_?_?_??_?_?_?_?_??_?_?_?_?_?_??_?_??_?_??_?_?_??_?,1.27,1.18,0.56,2.18,1.24,1.34,1.73,6.23,0.8
8,8,8,9,sentence,CREATIVE2_A1,P10_P5,en,zh,P,5,P10,0,0,0,0,0,0,0,0,0,0,0,0,0,0,0,0,0,0,0,0,0,0,0,0,0,0,0,0,0,0,0,0,0,0,0,0,7,40,7,13,0,---,??_?_??_???_?_??_?,1.14,1.29,0.07,1.29,0.45,0.91,1.16,3.67,0.6
9,9,9,9,sentence,CREATIVE2_A1,P10_P5,en,zh,P,5,P10,1,61220,61220,14717,44329,2174,12,42022,4481,6,40562,5941,4,40562,5941,4,35515,10988,2,1,0,0,0,0,0,0,0,0,22,22,22,22,0,0,0,0,8,31,6,10,0,---,?_??_??_?_??_?,1,1.75,0.71,3,2.19,1.84,2.87,5.03,0.79
10,10,10,9,sentence,CREATIVE2_A1,P10_P5,en,zh,P,5,P10,1,42575,42575,5484,32956,4135,22,30283,6808,15,25653,11438,8,19202,17889,3,19202,17889,3,3,0,0,0,0,0,0,0,0,51,46,51,46,0,0,0,0,11,47,14,24,0,---,??_?_?_2017_?_?_?_??_??_?_??_??_?_?,1.27,1,0.59,4.27,2.1,1.49,2.66,5.93,0.87
11,11,11,9,sentence,CREATIVE2_A1,P10_P5,en,zh,P,5,P10,1,99048,99048,74202,21723,3123,19,17939,6907,10,14460,10386,5,11732,13114,3,5795,19051,1,3,0,0,0,0,0,0,0,0,23,36,23,36,0,0,0,0,17,94,9,19,0,---,????_??_??_?_?_???_??_??_?,1,2.76,2.21,1.82,2.49,1.97,2.66,5.94,0.8
12,12,12,9,sentence,CREATIVE2_A1,P10_P5,en,zh,P,5,P10,1,21594,21594,15584,4350,1660,9,1511,4499,2,0,6010,0,0,6010,0,0,6010,0,1,0,0,0,0,0,0,0,0,24,22,24,22,0,0,0,0,10,48,9,17,0,---,?_??_????_?_?_??_??_??_?,1.2,1.4,0.06,1.3,0.65,1,1.12,4.25,0.64
13,13,13,10,sentence,CREATIVE2_A1,P10_P5,en,zh,P,5,P10,1,48911,48911,11731,36608,572,10,35066,2114,6,34549,2631,5,34549,2631,5,32502,4678,4,6,0,0,0,0,0,0,0,0,8,9,8,9,0,0,0,0,23,105,27,40,0,---,??_??_??_?_?_?_??_?_?_?_??_?_?_?_??_?_??_??_??_?_??_?_??_?_?_??_?,1.26,1.26,0.42,2.91,0.79,0.79,1.11,6,0.76
14,14,14,10,sentence,CREATIVE2_A1,P10_P5,en,zh,P,5,P10,1,308220,308220,25773,274446,8001,55,264751,17696,31,253264,29183,14,244026,38421,8,241363,41084,7,8,0,0,0,0,0,0,0,0,104,100,104,100,0,0,0,0,30,144,29,52,0,---,??_??_??_?_?_??_??_??_?_???_?_??_??_??_?_????_?_??_??_??_?_?_?_??_???_??_??_?_?,1.53,2,1.35,3.23,1.87,1.39,2.3,6.59,0.8
15,15,15,10,sentence,CREATIVE2_A1,P10_P5,en,zh,P,5,P10,1,50487,50487,11797,37061,1629,8,35679,3011,5,35679,3011,5,33733,4957,4,27177,11513,2,4,0,0,0,0,0,0,0,0,21,16,21,16,0,0,0,0,28,141,29,42,0,---,??_?_??_?_?_?_?_??_??_?_?_?_?_??_?_??_?_??_?_?_??_?_??_?_??_??_??_?_?,1.29,1.29,0.28,2.71,1.35,0.96,1.76,6.26,0.77
16,16,16,10,sentence,CREATIVE2_A1,P10_P5,en,zh,P,5,P10,0,0,0,0,0,0,0,0,0,0,0,0,0,0,0,0,0,0,0,0,0,0,0,0,0,0,0,0,0,0,0,0,0,0,0,0,9,35,8,13,0,---,?_???_?_?_??_?_??_?,1.33,1.67,0.07,1.44,0.45,0.52,0.71,4.26,0.66
17,17,17,10,sentence,CREATIVE2_A1,P10_P5,en,zh,P,5,P10,1,59628,59628,23727,31526,4375,13,29402,6499,7,27160,8741,4,26063,9838,3,23472,12429,2,3,0,0,0,0,0,0,0,0,40,43,40,43,0,0,0,0,17,77,14,27,0,---,?_?_??_600_??_??_??_?_?_??_?_?_????_?,1.18,1.71,1.05,2.59,1.46,1.68,2.41,6.08,0.82
1,1,1,1,sentence,CREATIVE2_A1,P11_P2,en,zh,P,2,P11,1,17337,17337,17332,0,5,0,0,5,0,0,5,0,0,5,0,0,5,0,0,0,0,0,0,0,0,0,0,5,1,5,1,0,0,0,0,1,5,1,5,0,---,ZeroS,1,1,0,1,0.46,2.46,2.46,2.22,0.64
2,2,2,2,sentence,CREATIVE2_A1,P11_P2,en,zh,P,2,P11,5,608277,169023,601370,4179,2728,5,3090,3817,2,2523,4384,1,2523,4384,1,0,6907,0,7,0,0,0,0,0,0,0,0,37,27,37,27,0,0,0,0,5,27,7,16,0,---,Asante_??_?_?_?_??_?,1.4,1,1.11,3.2,1.71,2.37,2.74,4.06,0.7
3,3,3,2,sentence,CREATIVE2_A1,P11_P2,en,zh,P,2,P11,4,191315,191315,125542,61022,4751,30,57383,8390,20,49832,15941,9,43768,22005,5,37875,27898,3,7,0,0,0,0,0,0,0,0,82,80,82,80,0,0,0,0,15,73,16,28,0,---,??_?_??_??_?_?_??_?_???_?_???_?_??_?_???_?,1.2,1.13,0,1.53,0.96,1.56,1.84,5.41,0.74
4,4,4,2,sentence,CREATIVE2_A1,P11_P2,en,zh,P,2,P11,5,290096,290096,182560,106714,822,5,106358,1178,4,105529,2007,3,104161,3375,2,104161,3375,2,11,0,0,0,0,0,0,0,0,42,38,42,38,0,0,0,0,16,91,17,30,0,---,??_?_??_??_??_??_?_??_??_?_??_??_??_??_?_??_?,1.44,1.38,0.4,2.88,1.35,1.57,1.86,5.92,0.79
5,5,5,2,sentence,CREATIVE2_A1,P11_P2,en,zh,P,2,P11,6,423455,423455,314213,102772,6470,23,100291,8951,17,96771,12471,12,89049,20193,7,82187,27055,5,10,0,0,0,0,0,0,0,0,85,86,85,86,0,0,0,0,35,180,43,73,0,---,S_?_?_ilite_?_?_??_??_??_?_?_?_??_??_?_??_?_?_??_??_?_??_?_??_?_??_?_Rashida_?_??_?_??_?_??_?_?_?_???_?_?_??_?_?,1.49,1.29,0.42,3.06,1.55,1.22,1.93,7.11,0.83
6,6,6,2,sentence,CREATIVE2_A1,P11_P2,en,zh,P,2,P11,6,1090576,1090576,351626,707428,31522,128,695563,43387,99,672851,66099,65,644260,94690,46,587581,151369,27,44,0,0,0,0,0,0,0,0,372,370,372,370,0,0,0,0,55,325,60,103,0,---,Kito_?_?_??_??_?_??_??_?_??_—_??_??_??_??_??_??_??_??_??_?_?_?_??_??_??_?_??_?_??_?_??_?_???_??_?_?_?_??_?_?_??_?_?_?_??_500_?_??_?_??_?_?_?_??_??_??_?_??_?,1.45,1.62,1.09,3,1.83,2.26,2.85,8.02,0.87
7,7,7,3,sentence,CREATIVE2_A1,P11_P2,en,zh,P,2,P11,2,53056,53056,40612,10792,1652,11,9216,3228,7,6423,6021,2,5131,7313,1,5131,7313,1,2,0,0,0,0,0,0,0,0,34,31,34,31,0,0,0,0,8,29,6,16,0,---,??_Asante_??_?_?_?,1.5,2.25,1.3,2.88,2.75,2.81,3.08,5.09,0.79
8,8,8,3,sentence,CREATIVE2_A1,P11_P2,en,zh,P,2,P11,1,10990,10990,10985,0,5,0,0,5,0,0,5,0,0,5,0,0,5,0,1,0,0,0,0,0,0,0,0,1,5,1,5,0,0,0,0,8,27,4,7,0,---,?_??_??_?,1,2.25,1.86,1.25,2.07,1.99,3.11,4.47,0.69
9,9,9,4,sentence,CREATIVE2_A1,P11_P2,en,zh,P,2,P11,4,190242,190242,139611,39450,11181,22,36088,14543,13,32446,18185,7,30972,19659,6,17804,32827,2,4,0,0,0,0,0,0,0,0,108,106,108,106,0,0,0,0,4,14,6,9,0,---,?_??_?_?_??_?,1.5,1,0.49,2,1.01,1.44,1.69,3.86,0.71
10,10,10,4,sentence,CREATIVE2_A1,P11_P2,en,zh,P,2,P11,8,1800281,1513570,472324,1267234,60723,220,1248372,79585,170,1205496,122461,108,1157091,170866,73,1059636,268321,43,58,0,0,0,0,0,0,0,0,705,712,705,712,0,0,0,0,27,140,37,63,0,---,?_?_?_?_??_?_?_??_?_??_??_Kito_??_??_?_S_?_?_ilite_??_?_?_??_?_?_??_?_??_??_?_?_?_?_??_??_??_?,1.85,1.74,1.32,6.22,2.51,2.45,3.18,7.25,0.88
11,11,11,4,sentence,CREATIVE2_A1,P11_P2,en,zh,P,2,P11,2,93080,93080,80619,9937,2524,5,9537,2924,4,9537,2924,4,7113,5348,2,5066,7395,1,4,0,0,0,0,0,0,0,0,35,39,35,39,0,0,0,0,14,73,14,22,0,---,??_??_?_??_?_?_??_?_??_?_??_?_??_?,1.21,1.43,0.48,2.29,1.35,1.65,2.15,5.62,0.77
12,12,12,4,sentence,CREATIVE2_A1,P11_P2,en,zh,P,2,P11,4,273216,273216,239750,30821,2645,12,29938,3528,10,27317,6149,6,23088,10378,3,20883,12583,2,9,0,0,0,0,0,0,0,0,47,51,47,51,0,0,0,0,10,47,5,16,0,---,Asante_??_??_???_?,1,2.6,0.6,1.8,2.54,2.21,2.9,5.24,0.77
13,13,13,4,sentence,CREATIVE2_A1,P11_P2,en,zh,P,2,P11,6,227002,227002,182232,35766,9004,16,32124,12646,6,30465,14305,3,28555,16215,2,26108,18662,1,6,0,0,0,0,0,0,0,0,102,101,102,101,0,0,0,0,5,20,6,9,0,---,?_?_??_?_??_?,1.8,1.4,0.17,3,2.7,2.21,2.9,4.16,0.72
14,14,14,4,sentence,CREATIVE2_A1,P11_P2,en,zh,P,2,P11,6,449175,449175,282193,153300,13682,41,148427,18555,29,137917,29065,15,128780,38202,9,114848,52134,4,17,0,0,0,0,0,0,0,0,163,165,163,165,0,0,0,0,29,142,23,40,0,---,??_???_??_?_??_?_?_??_?_??_??_?_??_??_?_?_??_???_??_?_??_??_?,1.17,1.83,0.87,3.03,1.95,1.76,2.76,6.94,0.83
15,15,15,5,sentence,CREATIVE2_A1,P11_P2,en,zh,P,2,P11,7,644506,644506,308923,312290,23293,86,303210,32373,63,290218,45365,45,272722,62861,33,215211,120372,15,25,0,0,0,0,0,0,0,0,283,286,283,286,0,0,0,0,21,107,22,44,0,---,Asante_??_??_?_?_??_??_?_?_S_?_?_ilite_?_???_?_?_??_??_?_??_?,1.29,1.67,0.92,4.33,2.53,2,3.1,6.7,0.85
1,1,1,6,paragraph,CREATIVE2_A1,P11_P5,en,zh,P,5,P11,1,13949,13949,10949,2292,708,1,2292,708,1,2292,708,1,2292,708,1,0,3000,0,1,0,0,0,0,0,0,0,0,8,8,8,8,0,0,0,0,3,18,1,4,0,---,????,1,3,3.32,1,0.51,3.32,3.32,2.92,0.6
2,2,2,7,paragraph,CREATIVE2_A1,P11_P5,en,zh,P,5,P11,2,110471,110471,87577,21575,1319,6,20811,2083,4,20811,2083,4,18121,4773,2,15646,7248,1,2,0,0,0,0,0,0,0,0,20,18,20,18,0,0,0,0,6,28,5,10,0,---,??_???_?_??_?,1.17,1.67,1.27,2.67,2.13,1.69,2.53,4.38,0.74
3,3,3,8,paragraph,CREATIVE2_A1,P11_P5,en,zh,P,5,P11,1,34161,34161,34148,0,13,0,0,13,0,0,13,0,0,13,0,0,13,0,1,0,0,0,0,0,0,0,0,7,7,7,7,0,0,0,0,11,53,12,20,0,---,?_?_?_??_??_?_????_?_??_??_?_?,1.36,1.36,0.73,3.45,0.89,0.66,1.27,4.72,0.7
4,4,4,9,paragraph,CREATIVE2_A1,P11_P5,en,zh,P,5,P11,4,1703379,1028491,643651,1041476,18252,77,1037069,22659,66,1026394,33334,52,1003914,55814,37,958544,101184,23,59,0,0,0,0,0,0,0,0,433,436,433,436,0,0,0,0,131,629,136,216,0,---,?_?_??_??_??_??_?_?_?_?_?_??_??_?_?_??_?_?_?_?_?_?_?_?_??_?_??_eMotiv_??_?_??_?_??_?_??_?_??_?_?_?_??_?_?_??_?_??_???_?_???_??_??_?_??_?_?_?_??_??_?_??_?_??_??_??_?_?_??_??_??_???_??_??_?_?_?_?_?_??_?_??_?_??_?_?_?_??_?_??_???_?_??_?_?_?_??_??_??_?_?_2017_?_?_??_??_??_??_?_?_??_?_?_??_?_???_??_??_?_????_?_??_?_??_?_?_?_?_??_?_??_?_?_?_??_??_??_?,1.39,1.49,0.72,4.17,1.57,1.49,2.18,8.53,0.82
5,5,5,10,paragraph,CREATIVE2_A1,P11_P5,en,zh,P,5,P11,3,1438072,262045,780051,651279,6742,26,648238,9783,18,643861,14160,12,643861,14160,12,634967,23054,9,16,0,0,0,0,0,0,0,0,214,231,214,231,0,0,0,0,107,502,97,152,0,---,??_??_??_?_?_??_?_?_???_?_?_?_??_?_?_??_??_?_??_?_??_?_?_??_?_??_??_?_?_?_??_?_?_??_??_??_??_?_???_?_??_??_?_??_??_??_?_?_??_??_???_?_??_??_??_?_?_?_?_??_??_?_?_?_??_?_??_?_??_??_??_?_?_??_?_??_?_?_?_???_?_?_??_?_??_?_?_?_?_???_???_??_?_?_?_????_?,1.23,1.77,0.84,2.47,1.29,1.28,1.91,8.1,0.81
1,1,1,1,paragraph,CREATIVE2_A1,P12_P2,en,zh,P,2,P12,0,0,0,0,0,0,0,0,0,0,0,0,0,0,0,0,0,0,0,0,0,0,0,0,0,0,0,0,0,0,0,0,0,0,0,0,1,5,1,1,0,---,?,1,1,0,1,0.46,1.14,1.14,2.22,0.64
2,2,2,2,paragraph,CREATIVE2_A1,P12_P2,en,zh,P,2,P12,3,4218878,896680,3146039,1026013,46826,165,1011539,61300,128,979305,93534,81,936185,136654,50,861252,211587,27,36,0,0,0,0,0,0,0,0,533,541,533,541,0,0,0,0,126,696,152,229,0,---,???_??_??_?_??_??_?_??_?_??_?_??_??_?_?_??_?_?_??_?_??_?_??_??_?_??_?_??_?_??_?_??_?_??_?_??_???_?_??_?_??_??_?_??_??_?_?_??_?_??_?_??_?_?_?_??_??_?_??_?_?_??_??_?_??_??_?_??_?_??_?_??_?_?_??_?_??_?_??_?_?_?_???_??_?_??_?_?_??_?_?_?_?_??_?_?_?_?_?_?_—_—_?_?_??_??_?_??_??_?_?_??_?_?_?_??_??_??_??_??_??_??_?_??_?_?_??_?_??_??_?_?_?_?_??_?_?_??_?_?_??_??_?_??_?_??_?_?_????_?_??_?,1.49,1.38,0.53,3.48,1.71,1.89,2.46,8.92,0.85
3,3,3,3,paragraph,CREATIVE2_A1,P12_P2,en,zh,P,2,P12,3,1168812,225743,943070,220686,5056,22,219059,6683,17,214022,11720,9,206647,19095,4,197691,28051,1,7,0,0,0,0,0,0,0,0,71,67,71,67,0,0,0,0,16,56,13,21,0,---,?_??_??_???_?_??_?_?_?_??_?_??_?,1.25,1.62,1.38,1.75,1.69,2.5,2.95,5.71,0.77
4,4,4,4,paragraph,CREATIVE2_A1,P12_P2,en,zh,P,2,P12,5,2180830,1686581,141956,1987984,50890,216,1970717,68157,173,1925203,113671,112,1870819,168055,72,1806184,232690,51,54,0,0,0,0,0,0,0,0,617,642,617,642,0,0,0,0,89,436,94,148,0,---,?_??_??_?_??_?_?_??_?_??_?_?_?_?_??_??_???_?_?_?_??_?_?_??_??_?_??_??_?_??_??_??_?_??_?_??_?_??_??_?_??_??_??_?_??_?_?_??_?_??_?_??_??_?_??_?_???_?_??_??_???_??_?_?_?_?_?_?_???_?_???_??_?_??_?_??_??_??_?_?_??_??_?_?_??_?_?_?_??_??_?_??_?_?,1.42,1.54,1.06,3.96,2.13,2.18,2.78,8.53,0.86
5,5,5,5,paragraph,CREATIVE2_A1,P12_P2,en,zh,P,2,P12,3,390501,390501,183276,196599,10626,40,191769,15456,28,181744,25481,14,172770,34455,7,169857,37368,6,11,0,0,0,0,0,0,0,0,116,126,116,126,0,0,0,0,21,107,23,37,0,---,???_??_??_??_??_?_?_?_?_??_?_??_?_??_?_?_??_??_?_??_?_??_?,1.57,1.67,1.08,4.81,2.4,2.04,3.12,6.7,0.85
1,1,1,6,sentence,CREATIVE2_A1,P12_P5,en,zh,P,5,P12,1,133901,133901,119298,10896,3707,10,10238,4365,8,8367,6236,5,4896,9707,2,0,14603,0,1,0,0,0,0,0,0,0,0,38,38,38,38,0,0,0,0,3,18,2,4,0,---,??_??,1,1.67,0.15,1.33,1.74,2.99,2.99,2.92,0.6
2,2,2,7,sentence,CREATIVE2_A1,P12_P5,en,zh,P,5,P12,2,298919,20513,297206,1369,344,2,991,722,1,0,1713,0,0,1713,0,0,1713,0,1,0,0,0,0,0,0,0,0,9,9,9,9,0,0,0,0,6,28,4,8,0,---,???_?_??_?,1,1.67,1.27,2.33,1.36,1.35,1.86,4.38,0.74
3,3,3,8,sentence,CREATIVE2_A1,P12_P5,en,zh,P,5,P12,2,192726,192726,185383,6967,376,4,6967,376,4,5742,1601,2,3887,3456,1,0,7343,0,4,0,0,0,0,0,0,0,0,10,12,10,12,0,0,0,0,11,53,13,18,0,---,?_?_?_??_??_?_?_?_?_?_??_??_?,1.45,1.36,0.77,4.73,1.43,1.23,1.95,4.72,0.7
4,4,4,9,sentence,CREATIVE2_A1,P12_P5,en,zh,P,5,P12,2,84933,84933,47620,34076,3237,18,32200,5113,13,29204,8109,9,23836,13477,5,15506,21807,2,3,0,0,0,0,0,0,0,0,45,43,45,43,0,0,0,0,8,39,8,14,0,---,?_??_?_??_??_??_??_?,1.5,1.5,1.58,3.12,2.87,2.49,3.12,4.51,0.71
5,5,5,9,sentence,CREATIVE2_A1,P12_P5,en,zh,P,5,P12,2,72012,72012,50832,20385,795,7,20385,795,7,18776,2404,5,14243,6937,2,9849,11331,1,5,0,0,0,0,0,0,0,0,16,16,16,16,0,0,0,0,12,47,11,15,0,---,?_?_?_?_?_??_??_?_?_??_?,1,1.17,0.19,2.83,0.31,0.19,0.39,4.25,0.62
6,6,6,9,sentence,CREATIVE2_A1,P12_P5,en,zh,P,5,P12,2,769437,549621,58596,692576,18265,72,687409,23432,59,671918,38923,38,656204,54637,28,615563,95278,15,24,0,0,0,0,0,0,0,0,220,222,220,222,0,0,0,0,36,184,36,64,0,---,?_??_??_??_?_?_?_?_?_?_??_?_?_?_?_?_?_eMotiv_??_?_??_??_??_?_?_??_??_??_?_??_????_?_??_??_????_?,1.36,1.56,1.04,5.47,1.95,1.48,2.43,6.98,0.82
7,7,7,9,sentence,CREATIVE2_A1,P12_P5,en,zh,P,5,P12,1,281877,281877,112340,164047,5490,26,162029,7508,21,155097,14440,12,146974,22563,7,136227,33310,3,3,0,0,0,0,0,0,0,0,68,69,68,69,0,0,0,0,22,99,24,36,0,---,?_??_??_??_?_??_??_?_??_??_?_?_?_?_?_??_?_??_?_??_?_?_??_?,1.32,1.27,0.55,2.14,1.16,1.22,1.73,6.23,0.8
8,8,8,9,sentence,CREATIVE2_A1,P12_P5,en,zh,P,5,P12,2,128470,128470,108717,17841,1912,13,16249,3504,9,14532,5221,6,9103,10650,2,0,19753,0,5,0,0,0,0,0,0,0,0,29,29,29,29,0,0,0,0,7,40,7,13,0,---,??_?_??_???_?_??_?,1.14,1.29,0.07,1.29,0.45,0.31,0.54,3.67,0.6
9,9,9,9,sentence,CREATIVE2_A1,P12_P5,en,zh,P,5,P12,1,30710,30710,8478,19078,3154,13,16976,5256,8,15545,6687,6,12655,9577,4,0,22232,0,6,0,0,0,0,0,0,0,0,35,36,35,36,0,0,0,0,8,31,6,9,0,---,?_?_??_??_?_?,1.12,2,1.41,2.5,2.78,2.57,3.07,5.03,0.79
10,10,10,9,sentence,CREATIVE2_A1,P12_P5,en,zh,P,5,P12,2,129725,129725,104872,21310,3543,16,19808,5045,12,16668,8185,7,11252,13601,3,6655,18198,1,4,0,0,0,0,0,0,0,0,48,41,48,41,0,0,0,0,11,47,15,26,0,---,??_?_2017_?_?_??_?_??_?_??_??_??_??_?_?,1.73,1.36,0.79,5.64,2.91,2.12,3.14,5.93,0.87
11,11,11,9,sentence,CREATIVE2_A1,P12_P5,en,zh,P,5,P12,1,134542,134542,49620,78267,6655,35,76513,8409,30,65558,19364,15,59322,25600,11,32036,52886,4,10,0,0,0,0,0,0,0,0,97,91,97,91,0,0,0,0,17,94,20,38,0,---,????_?_??_????_?_??_?_??_??_?_?_????_?_??_?_?_???_??_?_?,1.53,1.35,1.03,4.29,1.83,1.74,2.26,5.94,0.8
12,12,12,9,sentence,CREATIVE2_A1,P12_P5,en,zh,P,5,P12,1,15502,15502,6101,7037,2364,5,5837,3564,2,5837,3564,2,4338,5063,1,0,9401,0,2,0,0,0,0,0,0,0,0,28,27,28,27,0,0,0,0,10,48,10,16,0,---,?_??_??_?_?_?_??_??_??_?,1.1,1.2,0.46,1.2,0.87,0.94,1.22,4.25,0.64
13,13,13,10,sentence,CREATIVE2_A1,P12_P5,en,zh,P,5,P12,1,141028,141028,36799,100606,3623,17,99397,4832,14,96049,8180,9,93613,10616,7,84451,19778,4,4,0,0,0,0,0,0,0,0,50,55,50,55,0,0,0,0,23,105,25,36,0,---,??_??_??_?_?_??_?_?_?_??_?_?_?_??_?_??_?_?_?_??_?_??_?_??_?,1.3,1.35,0.14,2.04,1.38,1.44,2.06,6,0.76
14,14,14,10,sentence,CREATIVE2_A1,P12_P5,en,zh,P,5,P12,1,249119,249119,52728,187696,8695,27,184665,11726,20,177678,18713,10,175269,21122,8,168432,27959,6,7,0,0,0,0,0,0,0,0,93,93,93,93,0,0,0,0,30,144,28,48,0,---,??_?_??_??_?_?_??_??_??_?_???_?_??_??_?_??_??_??_?_?_?_??_??_???_??_??_?_?,1.3,1.87,1.05,3.53,1.68,1.88,2.52,6.59,0.8
15,15,15,10,sentence,CREATIVE2_A1,P12_P5,en,zh,P,5,P12,1,159578,159578,55928,101311,2339,7,100486,3164,5,98777,4873,3,98777,4873,3,98777,4873,3,4,0,0,0,0,0,0,0,0,33,31,33,31,0,0,0,0,28,141,27,39,0,---,??_??_?_?_?_??_??_?_?_?_?_??_?_??_?_??_?_?_??_?_??_?_??_?_??_?_?,1.21,1.36,0.32,2.68,1.14,1.07,1.74,6.26,0.77
16,16,16,10,sentence,CREATIVE2_A1,P12_P5,en,zh,P,5,P12,0,0,0,0,0,0,0,0,0,0,0,0,0,0,0,0,0,0,0,0,0,0,0,0,0,0,0,0,0,0,0,0,0,0,0,0,9,35,8,13,0,---,?_???_?_?_??_?_??_?,1.33,1.67,0.07,1.44,0.45,0.52,0.71,4.26,0.66
17,17,17,10,sentence,CREATIVE2_A1,P12_P5,en,zh,P,5,P12,1,153669,153669,59102,86025,8542,22,82683,11884,13,79033,15534,8,76378,18189,6,73054,21513,5,8,0,0,0,0,0,0,0,0,86,83,86,83,0,0,0,0,17,77,19,33,0,---,?_?_?_??_600_?_?_??_?_???_?_?_?_??_?_?_???_???_?,1.53,1.59,0.91,2,1.82,1.88,2.61,6.08,0.82
1,1,1,1,sentence,CREATIVE2_A1,P13_P2,en,zh,P,2,P13,2,488724,39780,480777,6387,1560,4,6387,1560,4,5502,2445,3,2244,5703,1,0,7947,0,3,0,0,0,0,0,0,0,0,19,10,19,10,0,0,0,0,1,5,5,10,0,---,??_?_“_ZeroS_”,5,1,0,5,3.46,3.46,3.46,2.22,0.64
2,2,2,2,sentence,CREATIVE2_A1,P13_P2,en,zh,P,2,P13,2,53430,53430,49937,1569,1924,3,686,2807,1,0,3493,0,0,3493,0,0,3493,0,2,0,0,0,0,0,0,0,0,24,23,24,23,0,0,0,0,5,27,5,10,0,---,???_??_?_??_?,1.4,1.4,0.59,2.4,2.68,2.13,3,4.06,0.7
3,3,3,2,sentence,CREATIVE2_A1,P13_P2,en,zh,P,2,P13,1,117503,117503,45140,62522,9841,25,60498,11865,20,54160,18203,10,48325,24038,6,34041,38322,2,3,0,0,0,0,0,0,0,0,107,100,107,100,0,0,0,0,15,73,24,35,0,---,??_?_?_??_?_?_??_?_??_?_?_??_?_?_??_?_??_?_??_??_?_??_?_?,1.8,1.13,0,2.8,1.82,1.32,2.2,5.41,0.74
4,4,4,2,sentence,CREATIVE2_A1,P13_P2,en,zh,P,2,P13,2,186440,186440,24608,151535,10297,46,145937,15895,33,137519,24313,21,124455,37377,12,98456,63376,5,17,0,0,0,0,0,0,0,0,147,132,147,132,0,0,0,0,16,91,25,41,0,---,??_??_??_??_?_”_?_?_??_??_?_??_?_?_??_?_?_??_?_????_?_??_??_??_?,2.38,1.38,0.96,6.56,3.4,2.48,3.46,5.92,0.79
5,5,5,2,sentence,CREATIVE2_A1,P13_P2,en,zh,P,2,P13,6,1046582,767763,567137,439659,39786,131,426367,53078,98,395699,83746,55,364784,114661,34,310027,169418,17,37,0,0,0,0,0,0,0,0,484,481,484,481,0,0,0,0,35,180,53,77,0,---,??_??_??_?_?_??_?_??_??_?_?_??_?_?_?_??_?_??_??_?_?_?_??_?_?_?_??_??_?_?_??_?_??_?_??_?_?_?_??_?_??_?_??_?_?_?_???_?_??_?_??_?_?,1.94,1.57,1.08,4.17,1.89,2.13,2.7,7.11,0.83
6,6,6,2,sentence,CREATIVE2_A1,P13_P2,en,zh,P,2,P13,6,874319,874319,234527,601544,38248,137,586031,53761,98,557714,82078,58,535563,104229,42,466480,173312,19,31,0,0,0,0,0,0,0,0,480,488,480,488,0,0,0,0,55,325,57,93,0,---,??_??_?_??_?_??_?_??_?_?_??_?_?_—_—_?_??_??_??_??_?_?_??_??_??_??_?_??_??_??_??_?_?_??_?_??_??_??_???_?_?_??_?_??_?_?_?_?_??_??_??_500_?_???_?_???_?,1.95,2.05,1.54,4.58,2.38,2.5,3.12,8.02,0.87
7,7,7,3,sentence,CREATIVE2_A1,P13_P2,en,zh,P,2,P13,3,144288,144288,111063,27166,6059,19,23953,9272,11,20649,12576,6,19255,13970,5,6023,27202,1,7,0,0,0,0,0,0,0,0,52,52,52,52,0,0,0,0,8,29,7,13,0,---,??_???_?_??_??_?_?,1.25,1.5,0.78,2.62,1.78,2.26,2.89,5.09,0.79
8,8,8,3,sentence,CREATIVE2_A1,P13_P2,en,zh,P,2,P13,3,46489,46489,35141,7666,3682,9,6859,4489,7,2712,8636,2,0,11348,0,0,11348,0,3,0,0,0,0,0,0,0,0,54,48,54,48,0,0,0,0,8,27,9,17,0,---,??_???_??_?_??_?_??_??_?,1.62,2,1.55,2.5,2.89,2.9,3.26,4.47,0.69
9,9,9,4,sentence,CREATIVE2_A1,P13_P2,en,zh,P,2,P13,3,63697,63697,19180,32598,11919,30,26787,17730,15,22013,22504,8,14537,29980,3,5811,38706,1,3,0,0,0,0,0,0,0,0,142,142,142,142,0,0,0,0,4,14,4,7,0,---,??_?_??_?,2.5,2.5,2.63,3,1.9,2.63,2.88,3.86,0.71
10,10,10,4,sentence,CREATIVE2_A1,P13_P2,en,zh,P,2,P13,4,540295,540295,96955,414971,28369,110,403223,40117,81,382441,60899,50,356117,87223,31,303719,139621,15,28,0,0,0,0,0,0,0,0,391,393,391,393,0,0,0,0,27,140,43,68,0,---,?_??_?_?_??_?_??_??_??_??_?_?_??_?_?_??_?_??_??_??_??_??_?_??_??_??_??_?_??_??_?_?_?_??_?_?_?_?_??_?_???_??_?,1.89,1.44,0.6,5.52,2.31,2.38,3.05,7.25,0.88
11,11,11,4,sentence,CREATIVE2_A1,P13_P2,en,zh,P,2,P13,4,167960,167960,65593,89514,12853,37,85057,17310,27,77296,25071,15,69309,33058,9,50767,51600,2,12,0,0,0,0,0,0,0,0,159,160,159,160,0,0,0,0,14,73,16,25,0,---,??_??_?_??_??_?_??_?_??_??_?_?_?_??_?_?,1.64,1.43,0.48,2.79,1.41,2.19,2.41,5.62,0.77
12,12,12,4,sentence,CREATIVE2_A1,P13_P2,en,zh,P,2,P13,1,49395,49395,3856,35743,9796,29,31200,14339,17,24276,21263,7,19047,26492,3,16584,28955,2,1,0,0,0,0,0,0,0,0,109,109,109,109,0,0,0,0,10,47,10,20,0,---,???_??_??_?_???_??_??_?_??_?,2.4,2.6,0.6,4.5,2.57,2.15,3,5.24,0.77
13,13,13,4,sentence,CREATIVE2_A1,P13_P2,en,zh,P,2,P13,1,39401,39401,27964,9775,1662,8,8673,2764,5,6060,5377,1,6060,5377,1,6060,5377,1,0,0,0,0,0,0,0,0,0,32,32,32,32,0,0,0,0,5,20,6,8,0,---,??_?_?_?_?_?,1.6,1.4,0.17,2,0.99,1.82,2.19,4.16,0.72
14,14,14,4,sentence,CREATIVE2_A1,P13_P2,en,zh,P,2,P13,2,965015,965015,172177,761879,30959,115,751065,41773,88,725171,67667,51,709886,82952,40,663886,128952,26,31,0,0,0,0,0,0,0,0,390,384,390,384,0,0,0,0,29,142,32,48,0,---,?_?_???_?_??_?_?_?_??_??_??_?_?_?_?_??_?_??_?_?_??_?_??_??_?_?_?_??_???_??_?_?,1.79,1.9,1.37,7.21,2.65,2.71,3.39,6.94,0.83
15,15,15,5,sentence,CREATIVE2_A1,P13_P2,en,zh,P,2,P13,2,241180,241180,67153,154887,19140,52,149434,24593,38,138960,35067,21,125013,49014,12,99878,74149,4,10,0,0,0,0,0,0,0,0,250,248,250,248,0,0,0,0,21,107,30,49,0,---,?_?_???_??_??_?_??_?_??_?_?_?_??_??_?_???_??_??_??_?_?_?_???_?_?_??_??_?_??_?,1.95,1.48,1.1,7.86,2.64,1.75,3.17,6.7,0.85
1,1,1,6,paragraph,CREATIVE2_A1,P13_P5,en,zh,P,5,P13,0,0,0,0,0,0,0,0,0,0,0,0,0,0,0,0,0,0,0,0,0,0,0,0,0,0,0,0,0,0,0,0,0,0,0,0,3,18,2,4,0,---,??_??,1,1.67,0.15,1,0.51,1,1,2.92,0.6
2,2,2,7,paragraph,CREATIVE2_A1,P13_P5,en,zh,P,5,P13,1,20806,20806,19948,442,416,1,0,858,0,0,858,0,0,858,0,0,858,0,1,0,0,0,0,0,0,0,0,8,8,8,8,0,0,0,0,6,28,4,8,0,---,??_??_?_??,1,2,2.55,2.67,1.89,2.05,2.99,4.38,0.74
3,3,3,8,paragraph,CREATIVE2_A1,P13_P5,en,zh,P,5,P13,0,0,0,0,0,0,0,0,0,0,0,0,0,0,0,0,0,0,0,0,0,0,0,0,0,0,0,0,0,0,0,0,0,0,0,0,11,53,14,20,0,---,?_?_?_??_?_??_??_?_?_?_??_??_?_?,1.27,1,0.3,4,0.66,0.7,1.13,4.72,0.7
4,4,4,9,paragraph,CREATIVE2_A1,P13_P5,en,zh,P,5,P13,2,1383802,1183636,214694,1085275,83833,296,1057272,111836,225,998943,170165,140,923381,245727,88,798293,370815,48,67,0,0,0,0,0,0,0,0,984,966,984,966,0,0,0,0,131,629,158,237,0,---,?_?_??_??_?_?_?_?_??_?_?_?_?_?_????_??_?_?_??_?_?_??_??_?_?_?_?_?_?_??_?_?_?_?_?_??_??_??_?_?_?_??_?_?_??_?_?_?_??_??_??_??_??_?_???_??_??_?_?_?_?_?_??_?_?_??_???_??_?_??_?_?_?_???_?_??_??_??_?_“_?_”_??_?_?_??_?_?_?_??_?_??_?_?_??_?_?_??_?_?_?_?_?_??_??_???_?_??_?_??_?_?_??_?_??_—_—_?_??_2017_?_?_?_??_??_??_??_??_?_?_?_??_?_?_???_?_??_????_?_??_?_?_??_??_????_?_??_?_?_??_??_?_?_?_??_??_??_?,1.53,1.46,0.76,3.57,1.57,1.65,2.24,8.53,0.82
5,5,5,10,paragraph,CREATIVE2_A1,P13_P5,en,zh,P,5,P13,2,705840,705840,33813,628918,43109,160,617474,54553,132,587492,84535,88,549639,122388,62,436716,235311,25,45,0,0,0,0,0,0,0,0,516,484,516,484,0,0,0,0,107,502,133,201,0,---,??_??_??_?_?_??_??_?_???_?_??_??_??_?_?_??_?_??_?_??_?_?_??_?_??_?_?_?_??_?_?_?_??_??_??_?_??_?_???_??_??_?_??_?_??_??_??_??_??_?_?_?_??_???_??_??_?_?_??_??_?_?_?_?_?_??_?_??_?_?_?_?_?_??_??_?_??_?_??_?_?_??_?_???_?_?_??_?_?_?_??_?_?_??_?_???_?_?_??_?_??_?_?_?_??_?_?_?_?_??_600_??_?_??_—_—_?_??_?_??_?_??_?_?_?_?_?_??_?_?_??_???_?,1.64,1.52,0.6,3.24,1.85,1.57,2.47,8.1,0.81
