Id,STseg,TTseg,Segmentation,Study,Session,SL,TL,Task,Text,Part,Nedit,Dur,FDur,PreGap,TG300,TD300,TB300,TG500,TD500,TB500,TG1000,TD1000,TB1000,TG2000,TD2000,TB2000,TG5000,TD5000,TB5000,Scatter,FixS,TrtS,FixT,TrtT,ParalFixS,ParalS,ParalFixT,ParalT,Ins,Del,MIns,MDel,AIns,ADel,SIns,SDel,TokS,LenS,TokT,LenT,LenMT,Yawat,String,HTra,HSeg,Hcross,SynSimS,SynSimT,SynSim
1,1,1,sentence,CREATIVE2,P01_P2,en,zh,P,2,P01,0,0,0,0,0,0,0,0,0,0,0,0,0,0,0,0,0,0,0,0,0,0,0,0,0,0,0,0,0,0,0,0,0,0,0,0,1,5,1,1,0,---,零,2.55,1.49,0,1,1,1
2,2,2,sentence,CREATIVE2,P01_P2,en,zh,P,2,P01,2,1376443,228717,1314406,62017,20,1,62017,20,1,62017,20,1,62017,20,1,62017,20,1,1,0,0,0,0,0,0,0,0,12,11,12,11,0,0,0,0,5,27,3,9,0,---,阿桑特_大喊大叫_。,1.91,1.09,0,1,2.33,1.67
3,3,3,sentence,CREATIVE2,P01_P2,en,zh,P,2,P01,5,3607070,310379,3489305,116139,1626,24,112723,5042,15,108038,9727,9,100205,17560,4,90479,27286,1,10,0,0,0,0,0,0,0,0,50,76,50,76,0,0,0,0,15,73,16,26,0,---,地狱_是_个_回音_室_，_充斥_着_喊叫声_、_海水_和_金属_的_叮当声_。,1.51,1,0,1.53,1.38,1.45
4,4,4,sentence,CREATIVE2,P01_P2,en,zh,P,2,P01,9,664143,413298,537804,123668,2671,27,121694,4645,22,112506,13833,10,106732,19607,6,100140,26199,4,15,0,0,0,0,0,0,0,0,67,53,67,53,0,0,0,0,16,91,14,24,0,---,巨大_的_阴影_沿着_舱壁_移动_;_绿色_的_光网_在_上面_闪烁_。,2.08,1.3,0,2.56,3.14,2.85
5,5,5,sentence,CREATIVE2,P01_P2,en,zh,P,2,P01,7,837041,511096,207191,625710,4140,44,621534,8316,33,615732,14118,24,609109,20741,19,591775,38075,13,19,0,0,0,0,0,0,0,0,131,140,131,140,0,0,0,0,35,180,36,54,0,---,仿佛_是_明亮_泻湖_中_的_生物_，_萨_利特_人_从_月池_中冒出_并_开始_射击_；_在_黑雾_中_拉希_达_的_腹部_被_击中_，_她_的_上半身_倒_在_甲板_上_。,1.99,1.22,0,3.4,4.31,3.85
6,6,6,sentence,CREATIVE2,P01_P2,en,zh,P,2,P01,7,7050454,1573285,4631635,2398094,20725,184,2386727,32092,153,2350531,68288,101,2315858,102961,75,2204822,213997,40,58,0,0,0,0,0,0,0,0,360,372,360,372,0,0,0,0,55,325,60,92,0,---,基托_还_在_往_晒_鱼_架上_的_鱼枪_那边_挪动_，_好像_几个_老迈_的_渔夫_能_抵挡_住_这些_怪物_似的_，_可_他们_带_着_枪_、_充气_胎_，_它们_的_小_子弹_会_深埋_进_你_的_肉体_中_，_让_你_看到_释放出来_五百个_大气压_会_对_你_的_内脏_产生_什么_影响_。,2.58,1.5,0,4.11,2.28,3.2
7,7,7,sentence,CREATIVE2,P01_P2,en,zh,P,2,P01,3,122715,122715,78944,40607,3164,29,35053,8718,14,32547,11224,10,27205,16566,6,14364,29407,2,4,0,0,0,0,0,0,0,0,43,41,43,41,0,0,0,0,8,29,5,9,0,---,阿桑_特别_无_依仗_。,2.84,1.49,0,2.88,4,3.44
8,8,8,sentence,CREATIVE2,P01_P2,en,zh,P,2,P01,1,141692,141692,108757,31910,1025,14,29926,3009,9,26103,6832,4,26103,6832,4,15466,17469,1,2,0,0,0,0,0,0,0,0,18,17,18,17,0,0,0,0,8,27,6,11,0,---,他_只能靠_自己_的_拳头_。,2.58,1.55,0,1.75,2.83,2.29
9,9,9,sentence,CREATIVE2,P01_P2,en,zh,P,2,P01,5,1384379,211422,1369642,14171,566,8,13532,1205,6,11612,3125,3,10424,4313,2,6368,8369,1,6,0,0,0,0,0,0,0,0,15,83,15,83,0,0,0,0,4,14,5,6,0,---,他_就_用_了_。,2,1.48,0,2.5,1.8,2.15
10,10,10,sentence,CREATIVE2,P01_P2,en,zh,P,2,P01,3,607556,374115,6162,599137,2257,34,596991,4403,28,590600,10794,19,589557,11837,18,573851,27543,14,18,0,0,0,0,0,0,0,0,113,72,113,72,0,0,0,0,27,140,26,42,0,---,他_自己_冲向_已经_看到_基托_的_那个_最近_的_萨_利特_人_，_随着_甲板_的_呻吟_和_倾斜_，_船_剧烈地_摇摆_着_。,2.76,1.7,0,5.11,4.12,4.61
11,11,11,sentence,CREATIVE2,P01_P2,en,zh,P,2,P01,2,1892673,18456,1881515,10650,508,3,10650,508,3,10033,1125,2,8480,2678,1,8480,2678,1,4,0,0,0,0,0,0,0,0,6,30,6,30,0,0,0,0,14,73,14,22,0,---,海水_冲破_了_月亮_池_的_边缘_，_瀑布_般_漫过_了_水面_。,2.12,1.38,0,2.64,2.36,2.5
12,12,12,sentence,CREATIVE2,P01_P2,en,zh,P,2,P01,4,787416,354801,601704,184655,1057,12,184268,1444,11,180304,5408,6,176719,8993,4,176719,8993,4,4,0,0,0,0,0,0,0,0,24,30,24,30,0,0,0,0,10,47,7,16,0,---,阿桑特_跌倒_时向_入侵者_猛扑_过去_。,2.32,1.54,0,3,5,4
13,13,13,sentence,CREATIVE2,P01_P2,en,zh,P,2,P01,2,117556,117556,5993,109547,2016,4,109159,2404,3,108615,2948,2,108615,2948,2,106005,5558,1,1,0,0,0,0,0,0,0,0,18,16,18,16,0,0,0,0,5,20,5,6,0,---,她_射_偏_了_。,2.15,1.32,0,2,2,2
14,14,14,sentence,CREATIVE2,P01_P2,en,zh,P,2,P01,1,2845355,563818,117506,2719563,8286,70,2712639,15210,52,2692830,35019,25,2685797,42052,20,2657128,70721,11,9,0,0,0,0,0,0,0,0,110,113,110,113,0,0,0,0,29,142,22,38,0,---,一个_蜘蛛网_罩住_了_观察_孔_；_正巧在_玻璃_边缘_相接_的_地方_，_从_它_的_中央_一滴水_爆_开来_。,2.58,1.44,0,4.93,6.86,5.9
15,15,15,sentence,CREATIVE2,P01_P2,en,zh,P,2,P01,1,282580,282580,4111,273721,4748,29,270300,8169,20,265045,13424,12,265045,13424,12,254211,24258,9,6,0,0,0,0,0,0,0,0,51,73,51,73,0,0,0,0,21,107,17,28,0,---,阿桑特_咽气_前_最后_看到_的_是_萨_利特_人_潜水服_上_的_沙漠_锤_标志_。,2.16,1.42,0,5.19,7.65,6.42
1,1,38,paragraph,CREATIVE2,P01_P5,en,zh,P,5,P01,1,215937,4179,211758,4179,0,1,4179,0,1,4179,0,1,4179,0,1,0,4179,0,1,0,0,0,0,0,0,0,0,0,2,0,2,0,0,0,0,3,18,2,4,0,---,重复_过去,1.96,0,0,1,1.5,1.25
2,2,39,paragraph,CREATIVE2,P01_P5,en,zh,P,5,P01,2,361652,42800,354644,7008,0,2,7008,0,2,7008,0,2,7008,0,2,0,7008,0,1,0,0,0,0,0,0,0,0,3,1,3,1,0,0,0,0,6,28,4,7,0,---,家史_的_一课_。,2.18,0.51,0,2,3.75,2.88
3,3,40,paragraph,CREATIVE2,P01_P5,en,zh,P,5,P01,1,21356,21356,21139,0,217,0,0,217,0,0,217,0,0,217,0,0,217,0,1,0,0,0,0,0,0,0,0,0,218,0,218,0,0,0,0,11,53,12,20,0,---,你_对_你_叔叔_坟墓_的_所作所为_是_不可_原谅_的_。,0.87,0.48,0,3.45,2.92,3.19
4,4,41,paragraph,CREATIVE2,P01_P5,en,zh,P,5,P01,3,1249316,1249316,144068,1084100,21148,152,1072607,32641,122,1036569,68679,69,1016362,88886,53,954179,151069,36,76,0,0,0,0,0,0,0,0,469,250,469,250,0,0,0,0,131,629,137,219,0,---,你_母亲_一如既往_地_自责_。_她_说_，_你_不_知道_自己_在_做_什么_。_当_你_把_我_给_你_的_shofar_换成_eMotiv_耳机_的_时候_，_或许_，_甚至_当_你_和_那些_剃_了_光头_、_满嘴_污言秽语_的_年轻_恶棍_成为_朋友_的_时候_我_都_还_能_接受_。_但_我_永远_也_不会_原谅_你_在_游戏_用_Ipod_上面_画_的_纳粹党_徽_，_你_只是_我_女儿_的_儿子_，_不是_我_儿子_。_也许_这_只是_青春期_的_叛逆_。_可_你_怎么_会_懂_？_在_2017_年_，_这里_的_孩子_怎么_可能_真正_会_懂_？_在_历史_书_和_粗糙_的_老照片_中_，_种族灭绝_是_一件_多么_可怕_的_事情_。_你_没有_身临其境_，_你_永远_不会_懂_。,1.56,0.77,0,4.74,3.81,4.28
5,5,42,paragraph,CREATIVE2,P01_P5,en,zh,P,5,P01,2,1127335,921161,51412,1066656,9267,121,1055797,20126,92,1028206,47717,53,1011231,64692,41,956174,119749,25,39,0,0,0,0,0,0,0,0,310,323,310,323,0,0,0,0,107,502,99,155,0,---,我们_告诉_自己_，_你_本质_上_是_个_好孩子_，_对_你_来说_，_这是_一段_古老_的_历史_，_抽象_而_不_真实_。_我们_两个_都_是_医生_，_都_熟悉_犹太人_那种_令人_悲伤_的_自卑_的_样子_，_我们_说服_自己_把_你_当成_某种_受害者_。_警察_把_你_从_墓_地带_回来_时_，_你_用_迟钝_、_冷漠_的_眼神_看着_我们_，_我_不再_原谅_你_了_。_这_不仅仅_是_你_叔叔_的_坟墓_。_你_是_在_侮辱_其他_六百万_人_，_你_懂_了_也_于事无补_。,1.5,0.75,0,2.86,2.94,2.9
1,1,1,sentence,CREATIVE2,P02_P2,en,zh,P,2,P02,0,0,0,0,0,0,0,0,0,0,0,0,0,0,0,0,0,0,0,0,0,0,0,0,0,0,0,0,0,0,0,0,0,0,0,0,1,5,1,1,0,---,零,2.55,1.49,0,0,0,0
2,2,2,sentence,CREATIVE2,P02_P2,en,zh,P,2,P02,2,2206099,258338,1817956,377806,10337,45,374789,13354,37,364498,23645,22,353219,34924,14,321928,66215,5,2,0,0,0,0,0,0,0,0,130,156,130,156,0,0,0,0,5,27,5,11,0,---,阿桑特_大叫_着_跑出去_。,1.91,1.09,0,0,0,0
3,3,3,sentence,CREATIVE2,P02_P2,en,zh,P,2,P02,2,34811,34811,3379,30044,1388,7,29183,2249,5,27660,3772,3,24811,6621,1,24811,6621,1,4,0,0,0,0,0,0,0,0,50,16,50,16,0,0,0,0,15,73,21,34,0,---,船舱_就_像_一个_地狱_般的_回声_室_，_到处_都_是_呼嚎_和_海水_，_还有_叮当响_的_金属_。,1.51,1,0,0,0,0
4,4,4,sentence,CREATIVE2,P02_P2,en,zh,P,2,P02,3,128877,128877,54570,63516,10791,60,58251,16056,47,38586,35721,19,23273,51034,7,0,74307,0,7,0,0,0,0,0,0,0,0,148,140,148,140,0,0,0,0,16,91,18,33,0,---,巨大_的_阴影_沿着_舱壁_移动_；_绿光_网格_在_每个_表面_上_闪烁_，_更显_扑朔迷离_。,2.08,1.3,0,0,0,0
5,5,5,sentence,CREATIVE2,P02_P2,en,zh,P,2,P02,2,300243,300243,74119,216831,9293,48,212766,13358,38,203368,22756,25,191150,34974,15,161735,64389,7,17,0,0,0,0,0,0,0,0,132,132,132,132,0,0,0,0,35,180,45,73,0,---,S_ā_ḥ_ilites_从_月亮_池中_跃起_，_就_像_某个_明亮_泻湖_中_的_生物_一样_；_他们_一边_涌现_，_一边_射击_；_拉希_达_的_腰身_在_在_黑雾_中_爆炸_开来_，_上半身_直接_掉_到_了_甲板_上_。,1.99,1.22,0,0,0,0
6,6,6,sentence,CREATIVE2,P02_P2,en,zh,P,2,P02,3,343171,343171,90578,227615,24978,101,219737,32856,82,191747,60846,41,162522,90071,21,116685,135908,7,25,0,0,0,0,0,0,0,0,323,336,323,336,0,0,0,0,55,325,56,92,0,---,基托_仍_朝着_干燥_架上_的_矛枪_爬_去_—_—_似乎_那些_古董_鱼枪_可以_抵抗_这些_怪物_和_他们_的_枪_及_那些_气动_设备_和_细小_的_子弹_—_—_这些_子弹_会_钻入_肉体_里_，_然后_释放_500_倍_大气_体积_，_对_你_的_身体_造成_令人震惊_的_伤害_。,2.58,1.5,0,0,0,0
7,7,7,sentence,CREATIVE2,P02_P2,en,zh,P,2,P02,3,136598,136598,86918,41099,8581,26,37432,12248,17,31637,18043,8,31637,18043,8,16116,33564,3,10,0,0,0,0,0,0,0,0,102,88,102,88,0,0,0,0,8,29,12,20,0,---,这些_都_已_远远_超过_了_阿桑特_所_拥有_的_装备_。,2.84,1.49,0,0,0,0
8,8,8,sentence,CREATIVE2,P02_P2,en,zh,P,2,P02,4,46735,46735,13146,30639,2950,14,29142,4447,10,24033,9556,3,22763,10826,2,22763,10826,2,5,0,0,0,0,0,0,0,0,50,54,50,54,0,0,0,0,8,27,7,11,0,---,他_只有_他_自己_的_拳头_。,2.58,1.55,0,0,0,0
9,9,9,sentence,CREATIVE2,P02_P2,en,zh,P,2,P02,2,26761,26761,9823,15673,1265,6,15254,1684,5,14035,2903,3,14035,2903,3,7138,9800,1,2,0,0,0,0,0,0,0,0,22,21,22,21,0,0,0,0,4,14,5,9,0,---,他_也_物尽其用_了_。,2,1.48,0,0,0,0
10,10,10,sentence,CREATIVE2,P02_P2,en,zh,P,2,P02,3,405268,405268,171450,213578,20240,81,205974,27844,62,178319,55499,23,165917,67901,15,144700,89118,9,16,0,0,0,0,0,0,0,0,267,273,267,273,0,0,0,0,27,140,36,57,0,---,在_S_ā_ḥ_ilite_看着_基托_时_，_他_就_在_她_身旁_不远处_跃起_，_大开大合_，_就_连_甲板_似乎_也_为_之_呻吟_着_并_纷纷_塌落_，_向_一侧_倾斜_。,2.76,1.7,0,0,0,0
11,11,11,sentence,CREATIVE2,P02_P2,en,zh,P,2,P02,2,35111,35111,26440,8218,453,3,8218,453,3,6913,1758,1,6913,1758,1,6913,1758,1,3,0,0,0,0,0,0,0,0,8,13,8,13,0,0,0,0,14,73,13,20,0,---,海水_冲_过_月亮_池_的_边缘_、_形成_了_层叠_瀑布_。,2.12,1.38,0,0,0,0
12,12,12,sentence,CREATIVE2,P02_P2,en,zh,P,2,P02,2,62860,62860,21030,35935,5895,20,34809,7021,17,27450,14380,7,24458,17372,5,16331,25499,2,4,0,0,0,0,0,0,0,0,78,81,78,81,0,0,0,0,10,47,9,21,0,---,阿桑特_一路_势不可挡_，_猛烈地_冲击_着_入侵者_。,2.32,1.54,0,0,0,0
13,13,13,sentence,CREATIVE2,P02_P2,en,zh,P,2,P02,3,182122,182122,173985,5828,2309,8,4635,3502,5,1592,6545,1,0,8137,0,0,8137,0,3,0,0,0,0,0,0,0,0,30,24,30,24,0,0,0,0,5,20,5,8,0,---,她_一枪_打偏_了_。,2.15,1.32,0,0,0,0
14,14,14,sentence,CREATIVE2,P02_P2,en,zh,P,2,P02,4,279039,279039,237700,38081,3258,17,36509,4830,13,31314,10025,6,30287,11052,5,18104,23235,1,7,0,0,0,0,0,0,0,0,53,50,53,50,0,0,0,0,29,142,26,43,0,---,一个_蜘蛛网_出现_在_视野_中_；_即使_玻璃_试图_从_其_边缘_愈合_，_其_中心_依然_有_一股_细小_的_水_喷射_而出_。,2.58,1.44,0,0,0,0
15,15,15,sentence,CREATIVE2,P02_P2,en,zh,P,2,P02,3,99712,99712,44195,50582,4935,26,48932,6585,22,40515,15002,10,33924,21593,5,22350,33167,2,7,0,0,0,0,0,0,0,0,81,90,81,90,0,0,0,0,21,107,22,37,0,---,在_阿桑特_被_S_ā_ḥ_ilite_轰飞_之前_，_他_看到_她_的_水母_衣上_有_一个_沙漠_锤_图标_。,2.16,1.42,0,0,0,0
1,1,38,paragraph,CREATIVE2,P02_P5,en,zh,P,5,P02,2,13682531,17782,13671760,10145,626,4,9743,1028,3,9189,1582,2,7671,3100,1,7671,3100,1,1,0,0,0,0,0,0,0,0,11,9,11,9,0,0,0,0,3,18,2,4,0,---,重复_历史,1.96,0,0,1,1.5,1.25
2,2,39,paragraph,CREATIVE2,P02_P5,en,zh,P,5,P02,1,12273,12273,6035,4567,1671,6,3358,2880,3,2808,3430,2,0,6238,0,0,6238,0,1,0,0,0,0,0,0,0,0,15,15,15,15,0,0,0,0,6,28,2,7,0,---,家庭_历史教训,2.18,0.51,0,1.83,4,2.92
3,3,40,paragraph,CREATIVE2,P02_P5,en,zh,P,5,P02,0,0,0,0,0,0,0,0,0,0,0,0,0,0,0,0,0,0,0,0,0,0,0,0,0,0,0,0,0,0,0,0,0,0,0,0,11,53,14,20,0,---,你_对_你_叔叔_的_坟墓_所作_的_事_是_不可_原谅_的_。,0.87,0.48,0,3.82,2.43,3.12
4,4,41,paragraph,CREATIVE2,P02_P5,en,zh,P,5,P02,2,747281,747281,47041,666307,33933,148,652830,47410,115,620816,79424,68,588922,111318,45,531786,168454,27,47,0,0,0,0,0,0,0,0,470,464,470,464,0,0,0,0,131,629,142,224,0,---,您_的_母亲_总是_责备_自己_。_她_说_，_你_不_知道_自己_在_做_什么_。_你_将_我_送给_你_的_羊角_号_拿_去_换_了_那个_eMotiv_耳机_，_我_可以_原谅_你_；_也许_，_甚至_你_和_那些_剃光头_并_满嘴_下流话_的_二流子_们_交朋友_，_我_也_可以_接受_。_我_永远_不会_原谅_你_的_游戏_中_的_那个_纳粹_字符_；_但_你_是_我_女儿_的_儿子_，_而_不是_我_的_儿子_。_也许_这_只是_青少年_的_叛逆_吧_。_毕竟_，_你_又_知道_什么_呢_？_现在_是_2017_年_，_有_哪些_孩子_真的_知道_吗_？_种族灭绝_要_远_比_历史书籍_和_年代久远_的_照片_所_传达_的_含义_更为_可怕_。_你_没有_经历_过_；_所以_你_永远_都_无法_理解_。,1.56,0.77,0,4.56,3.23,3.9
5,5,42,paragraph,CREATIVE2,P02_P5,en,zh,P,5,P02,2,251609,251609,31191,216207,4211,42,212593,7825,33,206384,14034,24,205068,15350,23,170601,49817,12,20,0,0,0,0,0,0,0,0,83,82,83,82,0,0,0,0,107,502,106,169,0,---,我们_告诉_我们_自己_，_你_在内_心里_是_个_好_男孩_；_对_你_来说_，_这是_一段_古老_的_历史_，_抽象_且_不_真实_。_我们_两位_医生_都_熟悉_犹太人_这种_令人_悲伤_的_立体式_自我_厌恶_的_感觉_；_我们_说服_像_对待_受害者_一样_对待_你_。_然后_警察_把_你_从_墓_地带_回来_；_你_用_那_沉闷_冷漠_的_眼神_望_着_我们_；_我_也_不再_找_借口_了_。_这_已_不仅仅_是_你_叔叔_的_坟墓_。_你_在_向_其他_600_万人_吐_唾沫_；_但是_，_你_并不知道_这_意味着_什么_。,1.5,0.75,0,2.8,2.76,2.78
1,1,33,paragraph,CREATIVE2,P03_P2,en,zh,P,2,P03,1,37750,37750,33500,4040,210,2,4040,210,2,3424,826,1,3424,826,1,0,4250,0,1,0,0,0,0,0,0,0,0,5,3,5,3,0,0,0,0,1,5,1,2,0,---,零们,2.55,1.49,0,1,1,1
2,2,34,paragraph,CREATIVE2,P03_P2,en,zh,P,2,P03,4,4455194,3443780,1133804,3191547,129843,547,3144413,176977,428,3015373,306017,247,2915825,405565,171,2710852,610538,105,85,0,0,0,0,0,0,0,0,1302,1287,1302,1287,0,0,0,0,126,696,152,259,0,---,阿桑特_大喊大叫_。_地狱_是_一间_回声_室_，_充满_呼号_声_、_海水_声_，_还有_丁零当啷_的_金属_碰撞_声_。_船_的_舱壁_上_移动_着_骇人_的_巨大_黑影_；_闪现_着_绿光_的_网格_在_每个_表面_上_蠕动_。_萨黑士们_出现_在_月光_下_，_好像_怪兽_在_明亮_的_泻湖_中_现身_，_他们_一边_开火_一边_前进_。_拉希_达_被_他们_的_火力_拦腰_炸断_，_夜幕_下_她_的_身体_在_空中_粉碎_，_上半身_重重地_掉落在_甲板_上_。_基托_仍_在_艰难_地往_晾晒_架_方向_挪动_，_他_想_拿到_那_把_放在_晾晒_架上_的_鱼枪_—_—_好像_这种_老式_捕鱼_工具_还_可能_抵抗_这些_怪物_似的_。_这些_怪物_的_气枪_威力_无比_，_小小的_弹壳_穿入_你_的_身体_，_在_你_的_五脏六腑_间_爆炸_开来_，_强度_高达_500_个_大气压_。,2.2,1.32,0,4.49,3.2,3.85
3,3,35,paragraph,CREATIVE2,P03_P2,en,zh,P,2,P03,2,244948,244948,75846,158489,10613,45,154168,14934,35,142645,26457,18,134026,35076,12,112852,56250,5,6,0,0,0,0,0,0,0,0,138,134,138,134,0,0,0,0,16,56,10,22,0,---,而_阿桑特_却是_赤手空拳_，_什么_武器装备_都_没有_。,2.71,1.52,0,6.38,10.5,8.44
4,4,36,paragraph,CREATIVE2,P03_P2,en,zh,P,2,P03,5,2586193,2208749,473845,1994467,117881,510,1942598,169750,377,1830040,282308,215,1690625,421723,115,1527441,584907,62,39,0,0,0,0,0,0,0,0,1284,1310,1284,1310,0,0,0,0,89,436,94,162,0,---,他_双_拳击_向_离_自己_最近_的_萨_黑士_，_那个_萨黑士_正_准备_攻击_基托_。_海水_在_月光_下_翻滚_，_海浪_打_在_船舷_上_，_甲板_剧烈_地上_下_颠簸_、_左右_摇晃_。_入侵者_的_身体_也_随着_甲板_不停_摇摆_，_阿桑特_对_着_她_拳打脚踢_，_萨黑士_往_后退_，_阿桑特_一路_追着_她_。_她_朝着_阿桑特_猛烈_扫射_。_观察窗_上_布满_了_蜘蛛网_似的_裂缝_；_即使_玻璃_的_四周_有_边缘_保护_以防_破碎_，_中间_还是_喷出_了_一股_细流_。,2.48,1.52,0,5.43,5.38,5.4
5,5,37,paragraph,CREATIVE2,P03_P2,en,zh,P,2,P03,4,460934,460934,143476,303075,14383,46,298376,19082,34,290580,26878,23,279307,38151,14,260417,57041,7,4,0,0,0,0,0,0,0,0,107,110,107,110,0,0,0,0,21,107,15,27,0,---,阿桑特_临死前_最后_看见_的_是_萨_黑士_潜水服_上_的_沙漠_锤_图标_。,2.16,1.42,0,4.76,6.2,5.48
1,1,16,sentence,CREATIVE2,P03_P5,en,zh,P,5,P03,1,55112,55112,25552,28232,1328,7,28232,1328,7,26064,3496,4,25023,4537,3,25023,4537,3,1,0,0,0,0,0,0,0,0,16,15,16,15,0,0,0,0,3,18,2,4,0,---,重演_过去,1.96,0,0,1,1.5,1.25
2,2,17,sentence,CREATIVE2,P03_P5,en,zh,P,5,P03,0,0,0,0,0,0,0,0,0,0,0,0,0,0,0,0,0,0,0,0,0,0,0,0,0,0,0,0,0,0,0,0,0,0,0,0,6,28,4,8,0,---,家庭_历史_的_一课,2.18,0.51,0,2.17,3,2.58
3,3,18,sentence,CREATIVE2,P03_P5,en,zh,P,5,P03,1,17727,17727,16407,1150,170,2,734,586,1,0,1320,0,0,1320,0,0,1320,0,1,0,0,0,0,0,0,0,0,2,3,2,3,0,0,0,0,11,53,14,20,0,---,你_对_你_叔叔_的_坟墓_所作_的_事_是_不可_原谅_的_。,0.87,0.48,0,4,2.43,3.21
4,4,19,sentence,CREATIVE2,P03_P5,en,zh,P,5,P03,2,114973,114973,92758,18320,3895,16,16522,5693,11,13413,8802,6,9473,12742,3,0,22215,0,4,0,0,0,0,0,0,0,0,44,38,44,38,0,0,0,0,8,39,12,16,0,---,你_的_母亲_照例_认为_这_都_是_她_的_错_。,1.68,0.96,0,5.38,2.17,3.77
5,5,20,sentence,CREATIVE2,P03_P5,en,zh,P,5,P03,6,844899,844899,223097,597197,24605,116,590301,31501,98,556774,65028,48,537177,84625,34,482726,139076,18,5,0,0,0,0,0,0,0,0,323,385,323,385,0,0,0,0,12,47,11,15,0,---,她_说_，_你_不_知道_自己_在_做_什么_。,0.53,0.31,0,2.83,3.55,3.19
6,6,21,sentence,CREATIVE2,P03_P5,en,zh,P,5,P03,6,118959,118959,37182,79752,2025,22,79427,2350,21,75698,6079,16,70467,11310,12,45136,36641,4,17,0,0,0,0,0,0,0,0,134,75,134,75,0,0,0,0,36,184,40,60,0,---,你_把_我_给_你_的_羊角_号_拿_去_换_了_一副_电动_耳机_，_我_可以_原谅_你_；_甚至于_你_同_那些_剃着_光头_、_满嘴_脏话_的_小混混_交朋友_，_我_也_可以_原谅_你_。,1.75,0.86,0,7.97,4.58,6.27
7,7,22,sentence,CREATIVE2,P03_P5,en,zh,P,5,P03,3,490632,490632,34818,446310,9504,59,442618,13196,50,423870,31944,25,408705,47109,14,395608,60206,9,11,0,0,0,0,0,0,0,0,123,120,123,120,0,0,0,0,22,99,28,41,0,---,但是_我_永远_无法_原谅_你_，_在_游戏_盒_上标_上_纳粹_十字_，_可是_你_是_我_女儿_的_儿子_，_又_不是_我_的_。,1.56,0.82,0,3.05,1.89,2.47
8,8,23,sentence,CREATIVE2,P03_P5,en,zh,P,5,P03,1,109691,109691,32862,75409,1420,15,74754,2075,13,69454,7375,6,67844,8985,5,57907,18922,2,3,0,0,0,0,0,0,0,0,22,21,22,21,0,0,0,0,7,40,8,14,0,---,也许_这_只是_青春期_的_叛逆_吧_。,0.72,0.45,0,2.71,1.88,2.29
9,9,24,sentence,CREATIVE2,P03_P5,en,zh,P,5,P03,1,16303,16303,3934,9664,2705,6,9664,2705,6,7245,5124,3,4761,7608,1,0,12369,0,2,0,0,0,0,0,0,0,0,27,22,27,22,0,0,0,0,8,31,8,13,0,---,毕竟_你_怎么_能_懂得_这些_呢_？,1.8,0.71,0,4.75,3.38,4.06
10,10,25,sentence,CREATIVE2,P03_P5,en,zh,P,5,P03,2,91076,91076,12160,73791,5125,21,72267,6649,17,66188,12728,8,63114,15802,6,56217,22699,4,2,0,0,0,0,0,0,0,0,58,52,58,52,0,0,0,0,11,47,13,23,0,---,2017_年_了_，_有_哪个_孩子_能_真正_懂得_这些_呢_？,1.96,0.86,0,4.64,5,4.82
11,11,26,sentence,CREATIVE2,P03_P5,en,zh,P,5,P03,3,218791,218791,9246,195044,14501,40,191887,17658,32,181472,28073,17,174098,35447,12,157416,52129,7,8,0,0,0,0,0,0,0,0,131,132,131,132,0,0,0,0,17,94,19,33,0,---,残暴_的_种族灭绝_又_怎是_几本_历史_书_和_几张_模糊_的_老照片_所_能_表述_清楚_的_。,1.97,1.01,0,3.59,4.68,4.14
12,12,27,sentence,CREATIVE2,P03_P5,en,zh,P,5,P03,3,84377,84377,13322,69066,1989,7,68750,2305,6,67031,4024,3,65914,5141,2,65914,5141,2,4,0,0,0,0,0,0,0,0,24,21,24,21,0,0,0,0,10,48,10,18,0,---,你_没有_亲身经历_过_；_你_永远_不能_理解_。,1.29,0.53,0,1.8,1.8,1.8
13,13,28,sentence,CREATIVE2,P03_P5,en,zh,P,5,P03,2,511214,511214,4979,500340,5895,24,499170,7065,21,493510,12725,12,493510,12725,12,478837,27398,7,9,0,0,0,0,0,0,0,0,69,62,69,62,0,0,0,0,23,105,30,44,0,---,我们_安慰_自己_，_认为_你_本质_上_是_个_好_男孩_，_对_你_来说_，_这_只是_一段_古老_的_历史_，_既_抽象_又_不_真实_。,1.22,0.54,0,3.35,2.43,2.89
14,14,29,sentence,CREATIVE2,P03_P5,en,zh,P,5,P03,2,332536,332536,84796,235013,12727,43,231731,16009,34,219306,28434,16,209844,37896,9,199365,48375,6,9,0,0,0,0,0,0,0,0,108,107,108,107,0,0,0,0,30,144,27,48,0,---,我们_两个_都_是_医生_，_都_熟悉_犹太人_这种_自我_厌恶_的_悲惨_典型_，_我们_认为_我们_应该_像_对待_受害者_一样_对待_你_。,1.69,0.9,0,2.97,3.78,3.37
15,15,30,sentence,CREATIVE2,P03_P5,en,zh,P,5,P03,2,303313,303313,78496,220741,4076,18,219208,5609,14,217395,7422,11,211283,13534,6,206284,18533,4,7,0,0,0,0,0,0,0,0,53,45,53,45,0,0,0,0,28,141,29,44,0,---,然后_警察_把_你_从_墓_地带_了_回来_，_你_用_那种_满不在乎_的_空洞_眼神_望_着_我们_，_我_不再_给_自己_找_借口_了_。,1.23,0.63,0,3.04,2.52,2.78
16,16,31,sentence,CREATIVE2,P03_P5,en,zh,P,5,P03,1,199222,199222,157591,40320,1311,3,40320,1311,3,39747,1884,2,39747,1884,2,37302,4329,1,1,0,0,0,0,0,0,0,0,9,12,9,12,0,0,0,0,9,35,8,13,0,---,这_不仅仅_是_你_叔叔_的_坟墓_。,1.29,0.7,0,1.44,1.75,1.6
17,17,32,sentence,CREATIVE2,P03_P5,en,zh,P,5,P03,1,232038,232038,2524,217124,12390,41,214502,15012,34,205168,24346,21,196081,33433,14,175342,54172,8,7,0,0,0,0,0,0,0,0,122,111,122,111,0,0,0,0,17,77,22,37,0,---,还有_600_万人_埋_在_那里_，_而_你_在_上面_吐口_水_，_你_明明_知道_这些_，_却_无动于衷_。,2.1,1.04,0,4.76,4.18,4.47
1,1,1,sentence,CREATIVE2,P04_P2,en,zh,P,2,P04,1,50785724,73982,50711742,72886,1096,5,72403,1579,4,70759,3223,2,69426,4556,1,69426,4556,1,0,0,0,0,0,0,0,0,0,15,13,15,13,0,0,0,0,1,5,2,4,0,---,零号_军团,2.55,1.49,0,2,1,1.5
2,2,2,sentence,CREATIVE2,P04_P2,en,zh,P,2,P04,2,844700,16856,829562,12456,2682,12,10952,4186,8,9250,5888,5,5430,9708,2,0,15138,0,2,0,0,0,0,0,0,0,0,26,30,26,30,0,0,0,0,5,27,5,10,0,---,阿桑特_大叫_着_冲出_。,1.91,1.09,0,2.6,2.4,2.5
3,3,3,sentence,CREATIVE2,P04_P2,en,zh,P,2,P04,3,265156,265156,29515,225501,10140,24,222772,12869,17,217780,17861,11,213980,21661,8,201701,33940,4,10,0,0,0,0,0,0,0,0,111,105,111,105,0,0,0,0,15,73,18,28,0,---,回音_室_简直_是_个_地狱_，_充斥_着_喊叫_、_海水_、_金属_的_哐啷_作响_。,1.51,1,0,2.73,2,2.37
4,4,4,sentence,CREATIVE2,P04_P2,en,zh,P,2,P04,4,194703,194703,58709,129130,6864,26,125048,10946,16,123026,12968,13,117934,18060,9,105531,30463,5,9,0,0,0,0,0,0,0,0,82,88,82,88,0,0,0,0,16,91,16,27,0,---,巨大_的_阴影_沿着_舱壁_移动_，_绿色_的_光网_在_每个_表面_上_翻滚_。,2.08,1.3,0,2.44,2.44,2.44
5,5,5,sentence,CREATIVE2,P04_P2,en,zh,P,2,P04,4,575153,575153,24590,529021,21542,70,521567,28996,51,506683,43880,28,493764,56799,20,464858,85705,12,18,0,0,0,0,0,0,0,0,234,229,234,229,0,0,0,0,35,180,44,68,0,---,沙_莱特_们_从_月池_中_升起_，_活像_某种_生物_从_明亮_的_泻湖_中_冒出来_，_她们_一边_冒_起_一边_开火_。_在_黑沉沉_的_水雾_中_，_拉希_达_的_腰部_炸开_了_，_上半身_掉_在_甲板_上_。,1.99,1.22,0,3.8,2.48,3.14
6,6,6,sentence,CREATIVE2,P04_P2,en,zh,P,2,P04,6,1796899,477760,1390333,361779,44787,153,341455,65111,102,300580,105986,42,275341,131225,23,247580,158986,13,21,0,0,0,0,0,0,0,0,560,488,560,488,0,0,0,0,55,325,61,101,0,---,基托_还_在_吃力_地_爬_向_晾晒_架上_的_矛枪_—_—_就_好像_那些_年代久远_的_捕鱼_玩意儿_能_击退_这些_怪物_似的_。_她们_带_着_枪_、_气动_装置_和_弹药筒_，_你_还_没_弄清_突如其来_的_五百个_大气压_会_把_你_的_内脏_变成_什么样_，_就_已经_被_炸成_了_一堆_残肢_碎肉_。,2.58,1.5,0,6.6,4.1,5.35
7,7,7,sentence,CREATIVE2,P04_P2,en,zh,P,2,P04,5,80473,80473,44707,31666,4100,13,29915,5851,8,26811,8955,4,24386,11380,2,24386,11380,2,4,0,0,0,0,0,0,0,0,50,118,50,118,0,0,0,0,8,29,4,9,0,---,阿桑特_没有_那些_。,2.84,1.49,0,1.62,5,3.31
8,8,8,sentence,CREATIVE2,P04_P2,en,zh,P,2,P04,1,15053,15053,12109,2439,505,2,2439,505,2,1842,1102,1,0,2944,0,0,2944,0,2,0,0,0,0,0,0,0,0,5,6,5,6,0,0,0,0,8,27,6,9,0,---,他_只有_他_的_拳头_。,2.58,1.55,0,1.75,2.83,2.29
9,9,9,sentence,CREATIVE2,P04_P2,en,zh,P,2,P04,1,38632,38632,6375,29848,2409,9,28388,3869,5,25923,6334,1,25923,6334,1,25923,6334,1,0,0,0,0,0,0,0,0,0,25,25,25,25,0,0,0,0,4,14,5,7,0,---,他_就_用_拳头_。,2,1.48,0,1.5,1,1.25
10,10,10,sentence,CREATIVE2,P04_P2,en,zh,P,2,P04,4,1076779,240599,837779,218161,20839,73,208181,30819,48,196230,42770,32,175253,63747,18,151588,87412,10,14,0,0,0,0,0,0,0,0,251,270,251,270,0,0,0,0,27,140,31,48,0,---,在_离_他_最近_的_一个_沙_莱特_瞄准_基托_时_，_他_扑_了_过去_，_拼命_纵身_一跃_，_甲板_吱呀_作响_往下_一沉_，_向_一边_倾侧_。,2.76,1.7,0,4.7,3.26,3.98
11,11,11,sentence,CREATIVE2,P04_P2,en,zh,P,2,P04,2,139578,139578,110090,24682,4806,22,19913,9575,10,14859,14629,3,14859,14629,3,7888,21600,1,2,0,0,0,0,0,0,0,0,71,72,71,72,0,0,0,0,14,73,14,23,0,---,海水_扑打_着_月池_的_边缘_，_瀑布_般_在_金属板_上_横流_。,2.12,1.38,0,2.36,2.21,2.29
12,12,12,sentence,CREATIVE2,P04_P2,en,zh,P,2,P04,2,145788,145788,68686,71002,6100,28,67018,10084,18,59755,17347,7,54165,22937,3,50895,26207,2,1,0,0,0,0,0,0,0,0,81,83,81,83,0,0,0,0,10,47,8,17,0,---,阿桑特_落到_入侵者_身上_，_一通_乱拳_。,2.32,1.54,0,4,6.38,5.19
13,13,13,sentence,CREATIVE2,P04_P2,en,zh,P,2,P04,2,68846,68846,65730,1261,1855,3,550,2566,1,0,3116,0,0,3116,0,0,3116,0,1,0,0,0,0,0,0,0,0,18,19,18,19,0,0,0,0,5,20,5,6,0,---,她_射_偏_了_。,2.15,1.32,0,1.6,1.6,1.6
14,14,14,sentence,CREATIVE2,P04_P2,en,zh,P,2,P04,2,181560,181560,15598,151337,14625,37,146786,19176,26,139319,26643,16,128304,37658,9,122014,43948,7,1,0,0,0,0,0,0,0,0,175,196,175,196,0,0,0,0,29,142,25,41,0,---,一张_蛛网_绽开_在_视窗_上_，_玻璃_努力_地_从_边缘_开始_自我_修复_，_但_还是_从_中心_喷出_了_一小_股水_。,2.58,1.44,0,3.79,4,3.9
15,15,15,sentence,CREATIVE2,P04_P2,en,zh,P,2,P04,3,76272,76272,48,67517,8707,40,63196,13028,29,53473,22751,13,47047,29177,9,31556,44668,4,9,0,0,0,0,0,0,0,0,157,145,157,145,0,0,0,0,21,107,22,37,0,---,在_被_沙_莱特_炸飞_之前_，_阿桑特_看到_的_最后_一样_东西_是_她_水母_衣上_的_沙漠_之锤_标志_。,2.16,1.42,0,5.86,5.77,5.81
1,1,38,paragraph,CREATIVE2,P04_P5,en,zh,P,5,P04,1,12417,12417,1,11493,923,4,11127,1289,3,10437,1979,2,10437,1979,2,10437,1979,2,1,0,0,0,0,0,0,0,0,22,17,22,17,0,0,0,0,3,18,2,4,0,---,昨日_重现,1.96,0,0,1.33,2.5,1.92
2,2,39,paragraph,CREATIVE2,P04_P5,en,zh,P,5,P04,3,23805818,71450,23796516,6767,2535,7,5574,3728,4,4998,4304,3,2385,6917,1,0,9302,0,1,0,0,0,0,0,0,0,0,25,28,25,28,0,0,0,0,6,28,4,8,0,---,一节_家族史_课_。,2.18,0.51,0,1.67,3.5,2.58
3,3,40,paragraph,CREATIVE2,P04_P5,en,zh,P,5,P04,2,81099,81099,41408,36291,3400,11,35909,3782,10,31811,7880,5,28145,11546,2,24032,15659,1,2,0,0,0,0,0,0,0,0,55,58,55,58,0,0,0,0,11,53,12,18,0,---,你_对_你_叔叔_的_坟墓_干下_的_事_不可_饶恕_。,0.87,0.48,0,4,3.08,3.54
4,4,41,paragraph,CREATIVE2,P04_P5,en,zh,P,5,P04,4,3445030,916974,22068,3379915,43047,170,3364324,58638,130,3332184,90778,81,3287963,134999,51,3222262,200700,29,36,0,0,0,0,0,0,0,0,587,603,587,603,0,0,0,0,131,629,125,199,0,---,和_往常_一样_，_你_母亲_又_在_自责_。_她_说_你_不_知道_自己_在_做_什么_。_我_可以_接受_你_用_我_给_你_的_羊角_号_换_了_那套_Emotiv_头戴_视图_器_，_甚至_接受_你_跟_那些_剃着_光头_、_满口脏话_的_社会青年_厮混_，_但_我_永远_不会_原谅_你_游戏_仓上_的_万_字符_。_不过_你_是_我_女儿_的_儿子_，_不是_我_的_。_也许_这_只是_青春期_的_叛逆_。_毕竟_，_你何_从_知道_呢_？_2017_年_的_今天_，_有_哪个_小孩_真正_知道_？_历史_书_和_低_像素_的_老照片_何曾_能_传达_那场_大屠杀_的_可怖_。_你_不_在场_，_你_永远_无法_理解_。,1.56,0.77,0,4.03,4.34,4.18
5,5,42,paragraph,CREATIVE2,P04_P5,en,zh,P,5,P04,2,1421113,1210297,225036,1141577,54500,169,1120421,75656,116,1083731,112346,63,1052670,143407,40,1024769,171308,31,37,0,0,0,0,0,0,0,0,791,787,791,787,0,0,0,0,107,502,109,172,0,---,我们_告诉_自己_你_其实_是_个_心地善良_的_孩子_，_是_那段_历史_对_你_来说_太过_久远_，_太过_抽象_，_太_不_真实_。_作为_医生_，_我们_太_熟悉_犹太人_典型_的_自我_厌憎_，_我们_说服_自己_把_你_当作_某种_受害者_来_对待_。_终于_某_天_警察_把_你_从_公墓_带_回来_，_你_双目_无神_地_看着_我们_，_一副_无所谓_的_样子_，_从此_我_不再_找_借口_了_。_那口_唾沫_不仅_是_吐_在_了_你_叔叔_的_坟_前_，_还_吐_在_了_另外_六百万_座_坟_前_，_你_一清二楚_，_却_毫不在乎_。,1.5,0.75,0,2.9,2.63,2.76
1,1,33,paragraph,CREATIVE2,P05_P2,en,zh,P,2,P05,1,35229,35229,33306,1923,0,3,1567,356,2,0,1923,0,0,1923,0,0,1923,0,0,0,0,0,0,0,0,0,0,3,1,3,1,0,0,0,0,1,5,2,2,0,---,零_S,2.55,1.49,0,2,1,1.5
2,2,34,paragraph,CREATIVE2,P05_P2,en,zh,P,2,P05,2,1011016,775666,16242,937033,57741,171,915876,78898,118,883751,111023,73,834024,160750,37,782479,212295,20,24,0,0,0,0,0,0,0,0,611,638,611,638,0,0,0,0,126,696,132,221,0,---,阿桑特_大喊大叫_。_地狱_是_一个_回声_室_，_到处_都_是_呼号_和_海水_，_还有_叮当作响_的_金属_。_可怕_的_阴影_沿着_舱壁_移动_；_绿色_的_光网_在_每个_表面_上_闪烁_。_那些_萨_希利_提从_月亮_池中_升起_，_就_像_一些_来自_明亮_泻湖_的_生物_，_一边_上升_一边_开火_；_拉希_达_身体_的_中段_在_暗雾_中_爆炸_，_她_的_上半身_倒_在_甲板_上_。_基托_仍然_挣扎_着_走向_滴水_架上_的_矛枪_—_—_好像_凭着_几支_古董_鱼叉_就_可以_挡住_这些_带_着_枪_的_怪物_，_挡住_他们_的_气动_装置_，_挡住_他们_的_子弹_—_—_这些_子弹_会_进入_你_的_肉体_深处_，_然后_在_你_体内_释放_五百个_大气压_。,2.2,1.32,0,3.17,3.1,3.14
3,3,35,paragraph,CREATIVE2,P05_P2,en,zh,P,2,P05,2,147804,147804,126418,14418,6968,16,11412,9974,9,7242,14144,3,5896,15490,2,0,21386,0,5,0,0,0,0,0,0,0,0,75,67,75,67,0,0,0,0,16,56,12,20,0,---,阿桑特_连_这些_都_没有_。_他_只有_自己_的_拳头_。,2.71,1.52,0,3.31,5.17,4.24
4,4,36,paragraph,CREATIVE2,P05_P2,en,zh,P,2,P05,3,529162,529162,48652,423841,56669,145,412262,68248,115,377351,103159,65,339640,140870,37,277757,202753,16,22,0,0,0,0,0,0,0,0,711,727,711,727,0,0,0,0,89,436,92,156,0,---,他_使用_自己_的_拳头_。_他_冲向_距离_最近_的_一个_萨_希利_提_，_那时_她_正在_瞄准_基托_，_甲板_吱吱嘎嘎_，_上下左右_摇摆_，_她_也_跟着_剧烈_晃动_。_海水_已经_漫过_了_月亮_池_的_边缘_，_从_平台_上_瀑布_一样_流下来_。_阿桑特_冲下去_的_时候_撞_到_了_那个_入侵者_。_她_的_子弹_射偏_了_。_一个_蜘蛛网_在_观察_口上_爆开_；_虽然_边缘_的_玻璃_还_在_勉力_支持_，_一道_细细的_水柱_仍然_从_蛛网_的_中心_喷出_。,2.48,1.52,0,4.07,3.75,3.91
5,5,37,paragraph,CREATIVE2,P05_P2,en,zh,P,2,P05,1,128760,128760,1,119363,9396,33,114264,14495,20,108178,20581,12,107054,21705,11,94029,34730,6,4,0,0,0,0,0,0,0,0,96,102,96,102,0,0,0,0,21,107,24,40,0,---,在_那个_萨_希利_提把_他_轰开_之前_，_阿桑特_看到_的_最后_一样_东西_是_她_潜水衣_上_的_沙漠_锤_图标_。,2.16,1.42,0,6.52,5.25,5.89
1,1,16,sentence,CREATIVE2,P05_P5,en,zh,P,5,P05,1,17382,17382,12405,3674,1303,5,3177,1800,4,0,4977,0,0,4977,0,0,4977,0,0,0,0,0,0,0,0,0,0,15,15,15,15,0,0,0,0,3,18,2,4,0,---,重复_过去,1.96,0,0,1,1.5,1.25
2,2,17,sentence,CREATIVE2,P05_P5,en,zh,P,5,P05,1,2753,2753,1,2561,191,2,2561,191,2,2044,708,1,2044,708,1,0,2752,0,1,0,0,0,0,0,0,0,0,3,2,3,2,0,0,0,0,6,28,3,8,0,---,一节_家庭_历史课,2.18,0.51,0,1.83,4,2.92
3,3,18,sentence,CREATIVE2,P05_P5,en,zh,P,5,P05,3,56647,56647,44525,10671,1451,5,10671,1451,5,8688,3434,2,8688,3434,2,0,12122,0,6,0,0,0,0,0,0,0,0,17,16,17,16,0,0,0,0,11,53,14,21,0,---,你_对_你_伯父_的_坟墓_所作_的_事情_是_不可_原谅_的_。,0.87,0.48,0,4.64,3.36,4
4,4,19,sentence,CREATIVE2,P05_P5,en,zh,P,5,P05,2,11280,11280,6534,2404,2342,2,2404,2342,2,1540,3206,1,0,4746,0,0,4746,0,3,0,0,0,0,0,0,0,0,23,17,23,17,0,0,0,0,8,39,10,16,0,---,你_的_母亲_责备_自己_，_她_一贯_如此_。,1.68,0.96,0,2,1.4,1.7
5,5,20,sentence,CREATIVE2,P05_P5,en,zh,P,5,P05,2,58391,58391,54180,2671,1540,3,2370,1841,2,1546,2665,1,0,4211,0,0,4211,0,2,0,0,0,0,0,0,0,0,18,16,18,16,0,0,0,0,12,47,11,15,0,---,她_说_，_你_不_知道_自己_在_做_什么_。,0.53,0.31,0,3.42,3.64,3.53
6,6,21,sentence,CREATIVE2,P05_P5,en,zh,P,5,P05,3,261034,261034,12826,231951,16257,56,226515,21693,41,211934,36274,19,207047,41161,15,183313,64895,7,17,0,0,0,0,0,0,0,0,245,253,245,253,0,0,0,0,36,184,36,57,0,---,当_你_用_我_给_你_的_羊角_号_换_了_那个_eMotiv_耳机_时_，_甚至_当_你_和_那些_剃着_光头_、_满嘴_脏话_的_混_小子_们_称兄道弟_，_我_可以_接受_。,1.75,0.86,0,7.47,6.03,6.75
7,7,22,sentence,CREATIVE2,P05_P5,en,zh,P,5,P05,2,110279,110279,504,90206,19569,29,86414,23361,20,79144,30631,10,74957,34818,7,64117,45658,4,18,0,0,0,0,0,0,0,0,182,178,182,178,0,0,0,0,22,99,28,42,0,---,如果_不是_因为_你_是_我_的_外孙_而_不是_我_的_儿子_，_我_是_绝不会_原谅_你_游戏_舱_上_的_那个_纳粹_符号_的_。,1.56,0.82,0,5.36,4,4.68
8,8,23,sentence,CREATIVE2,P05_P5,en,zh,P,5,P05,1,11830,11830,9051,1177,1602,3,0,2779,0,0,2779,0,0,2779,0,0,2779,0,3,0,0,0,0,0,0,0,0,14,12,14,12,0,0,0,0,7,40,8,14,0,---,也许_这_只是_青少年_的_叛逆_期_。,0.72,0.45,0,1.57,1.38,1.47
9,9,24,sentence,CREATIVE2,P05_P5,en,zh,P,5,P05,2,46073,46073,12780,30927,2366,11,30091,3202,9,27990,5303,6,24150,9143,3,21783,11510,2,5,0,0,0,0,0,0,0,0,32,26,32,26,0,0,0,0,8,31,8,13,0,---,毕竟_，_您_怎么_可能_知道_呢_？,1.8,0.71,0,3.38,2.88,3.12
10,10,25,sentence,CREATIVE2,P05_P5,en,zh,P,5,P05,2,29181,29181,132,22808,6241,11,22079,6970,9,17542,11507,3,16508,12541,2,12840,16209,1,6,0,0,0,0,0,0,0,0,59,51,59,51,0,0,0,0,11,47,14,28,0,---,此时此刻_在_2017_年_，_怎么_可能_有_哪个_孩子_真的_知道_呢_？,1.96,0.86,0,4.27,2.57,3.42
11,11,26,sentence,CREATIVE2,P05_P5,en,zh,P,5,P05,2,91912,91912,43016,39345,9551,21,38031,10865,18,32670,16226,10,25014,23882,4,22962,25934,3,10,0,0,0,0,0,0,0,0,135,127,135,127,0,0,0,0,17,94,20,38,0,---,种族灭绝_是_一件_极其可怕_的_事情_，_光靠_历史_书_和_颗粒感_十足_的_老照片_是_无法_传达_的_。,1.97,1.01,0,2.24,1.65,1.94
12,12,27,sentence,CREATIVE2,P05_P5,en,zh,P,5,P05,2,30766,30766,8257,19411,3098,1,19411,3098,1,19411,3098,1,19411,3098,1,19411,3098,1,3,0,0,0,0,0,0,0,0,24,23,24,23,0,0,0,0,10,48,10,16,0,---,你_没有_经历_过_；_你_永远_不会_理解_。,1.29,0.53,0,1.5,1.6,1.55
13,13,28,sentence,CREATIVE2,P05_P5,en,zh,P,5,P05,1,20318,20318,4754,14065,1499,4,13714,1850,3,13122,2442,2,13122,2442,2,13122,2442,2,4,0,0,0,0,0,0,0,0,17,17,17,17,0,0,0,0,23,105,27,40,0,---,我们_告诉_自己_，_你_内_心中_是_个_好_男孩_，_对_你_来说_，_这是_一段_古老_的_历史_，_抽象_而_不_真实_。,1.22,0.54,0,3.13,2.59,2.86
14,14,29,sentence,CREATIVE2,P05_P5,en,zh,P,5,P05,2,151740,151740,11236,125232,15272,42,122607,17897,35,109778,30726,17,101955,38549,11,85802,54702,5,11,0,0,0,0,0,0,0,0,186,181,186,181,0,0,0,0,30,144,29,52,0,---,我们_两位_都_是_医生_，_熟悉_自我_厌恶_的_犹太人_这种_令人_悲伤_的_刻板_偏见_，_我们_说服_自己_把_你_当作_某种_受害者_一样_治疗_。,1.69,0.9,0,4.03,3.79,3.91
15,15,30,sentence,CREATIVE2,P05_P5,en,zh,P,5,P05,2,80300,80300,22430,56588,1282,7,55861,2009,5,55316,2554,4,53769,4101,3,51106,6764,2,3,0,0,0,0,0,0,0,0,15,16,15,16,0,0,0,0,28,141,25,36,0,---,然后_警察_把_你_从_墓_地带_回来_，_你_用_沉闷_冷漠_的_目光_望_着_我们_，_我_不再_找_借口_了_。,1.23,0.63,0,3.04,3.36,3.2
16,16,31,sentence,CREATIVE2,P05_P5,en,zh,P,5,P05,3,18260,18260,44,16217,1999,8,15571,2645,6,12131,6085,2,10833,7383,1,10833,7383,1,4,0,0,0,0,0,0,0,0,24,21,24,21,0,0,0,0,9,35,8,14,0,---,那里_不仅仅_有_你_伯父_的_坟墓_。,1.29,0.7,0,1.44,1.75,1.6
17,17,32,sentence,CREATIVE2,P05_P5,en,zh,P,5,P05,2,8311,8311,4571,3077,663,2,3077,663,2,2570,1170,1,2570,1170,1,0,3740,0,4,0,0,0,0,0,0,0,0,4,5,4,5,0,0,0,0,17,77,16,28,0,---,你_唾弃_了_其他_600_万人_，_你_知道_，_这_并_不_意味着_什么_。,2.1,1.04,0,2.24,2.31,2.27
1,1,1,sentence,CREATIVE2,P06_P2,en,zh,P,2,P06,0,0,0,0,0,0,0,0,0,0,0,0,0,0,0,0,0,0,0,0,0,0,0,0,0,0,0,0,0,0,0,0,0,0,0,0,1,5,1,1,0,---,零,2.55,1.49,0,1,1,1
2,2,2,sentence,CREATIVE2,P06_P2,en,zh,P,2,P06,2,757140,25333,742759,12053,2328,12,10122,4259,7,6556,7825,3,3739,10642,1,0,14381,0,2,0,0,0,0,0,0,0,0,34,30,34,30,0,0,0,0,5,27,7,12,0,---,阿桑特_尖叫_着_冲_了_出去_。,1.91,1.09,0,3.2,2,2.6
3,3,3,sentence,CREATIVE2,P06_P2,en,zh,P,2,P06,4,176714,176714,83296,86262,7156,26,83504,9914,18,75134,18284,6,75134,18284,6,64150,29268,3,12,0,0,0,0,0,0,0,0,85,78,85,78,0,0,0,0,15,73,22,36,0,---,地狱_是_一个_回声_室_，_到处_都_是_四处_传来_的_呼叫_和_海水_，_还有_叮叮当当_的_金属_声_。,1.51,1,0,2.2,1.32,1.76
4,4,4,sentence,CREATIVE2,P06_P2,en,zh,P,2,P06,4,185641,185641,28956,150874,5811,31,147962,8723,24,139047,17638,12,132595,24090,7,117803,38882,3,10,0,0,0,0,0,0,0,0,68,71,68,71,0,0,0,0,16,91,18,30,0,---,野兽_模样_的_阴影_沿着_舱壁_在_移动_；_网格_状_的_绿光_在_每个_表面_闪烁_。,2.08,1.3,0,2.56,2.17,2.36
5,5,5,sentence,CREATIVE2,P06_P2,en,zh,P,2,P06,6,534974,534974,259348,266570,9056,51,262639,12987,41,250184,25442,23,240573,35053,15,226186,49440,10,21,0,0,0,0,0,0,0,0,124,111,124,111,0,0,0,0,35,180,52,76,0,---,一群_萨_利特_人_从_月亮_池中_升起_，_就_像_一些_来自_明亮_的_泻湖_中_的_生物_一样_，_他们_一_露出_水面_就_在_燃烧_；_拉希_达_的_中段_在_黑暗_的_雾_霾_中_爆炸_，_她_的_上半身_折断_了_，_落_在_甲板_上_。,1.99,1.22,0,4,2.4,3.2
6,6,6,sentence,CREATIVE2,P06_P2,en,zh,P,2,P06,4,983467,781888,158244,796525,28698,144,781067,44156,104,749659,75564,57,718034,107189,33,682120,143103,20,33,0,0,0,0,0,0,0,0,301,300,301,300,0,0,0,0,55,325,67,104,0,---,基托_仍_在_拖_着_沉重_的_身体_向_干_衣架_上_的_鱼枪_移动_，_好像_某个_古董_鱼_贴纸_就_有_能力_用_自己_的_枪_和_气动_装置_以及_小_弹壳_抵御_这些_怪兽_一般_，_这些_东东_将_其_隐藏_在_你_的_身体_深处_，_然后_突然_发力_，_将_500_种_脱缰_的_魔力_在_你_的_内脏_里_翻山倒海_。,2.58,1.5,0,3.84,3.02,3.43
7,7,7,sentence,CREATIVE2,P06_P2,en,zh,P,2,P06,4,274882,274882,192002,75677,7203,34,71374,11506,23,63506,19374,11,58502,24378,7,47241,35639,4,7,0,0,0,0,0,0,0,0,69,74,69,74,0,0,0,0,8,29,8,14,0,---,这_多于_阿桑特_所_拥有_的_一切_。,2.84,1.49,0,1.5,1.5,1.5
8,8,8,sentence,CREATIVE2,P06_P2,en,zh,P,2,P06,5,33887,33887,20992,9365,3530,12,7096,5799,6,4495,8400,3,0,12895,0,0,12895,0,5,0,0,0,0,0,0,0,0,45,34,45,34,0,0,0,0,8,27,6,13,0,---,阿桑特_已经_是_赤手空拳_了_。,2.58,1.55,0,3.12,4.83,3.98
9,9,9,sentence,CREATIVE2,P06_P2,en,zh,P,2,P06,7,948383,546175,139907,789466,19010,101,779014,29462,74,755791,52685,42,739510,68966,29,716013,92463,21,12,0,0,0,0,0,0,0,0,218,276,218,276,0,0,0,0,4,14,9,14,0,---,他_要_把_自己_的_拳头_利用_起来_。,2,1.48,0,4.25,1.11,2.68
10,10,10,sentence,CREATIVE2,P06_P2,en,zh,P,2,P06,7,144966,144966,70375,67753,6838,32,62186,12405,17,57591,17000,11,48185,26406,4,48185,26406,4,15,0,0,0,0,0,0,0,0,136,76,136,76,0,0,0,0,27,140,41,61,0,---,他_对_着_离_他_最近_的_萨_利特_人_发起_攻击_，_此时_，_她_在_视线_中_捕捉到_了_基托_，_随着_甲板_在_呻吟_、_下沉_并_向_两边_摇摆_的_同时_他_也_在_剧烈地_摇摆_。,2.76,1.7,0,6.15,2.9,4.53
11,11,11,sentence,CREATIVE2,P06_P2,en,zh,P,2,P06,2,303904,303904,38042,259405,6457,31,256650,9212,24,250156,15706,14,239626,26236,6,237156,28706,5,5,0,0,0,0,0,0,0,0,57,60,57,60,0,0,0,0,14,73,14,22,0,---,海水_冲_过_月亮_池_的_边缘_，_在_整个_金属板_上_流淌_。,2.12,1.38,0,3.21,2.79,3
12,12,12,sentence,CREATIVE2,P06_P2,en,zh,P,2,P06,5,178939,178939,133987,40252,4700,22,38483,6469,17,34306,10646,10,25486,19466,4,21393,23559,2,8,0,0,0,0,0,0,0,0,48,55,48,55,0,0,0,0,10,47,10,18,0,---,阿桑特_在_他_下滑_的_路上_朝_入侵者_猛击_。,2.32,1.54,0,3.1,3,3.05
13,13,13,sentence,CREATIVE2,P06_P2,en,zh,P,2,P06,4,149904,149904,138972,8735,2197,6,8735,2197,6,5174,5758,1,5174,5758,1,5174,5758,1,4,0,0,0,0,0,0,0,0,31,29,31,29,0,0,0,0,5,20,5,9,0,---,她_没有_命中_目标_。,2.15,1.32,0,2.6,2.6,2.6
14,14,14,sentence,CREATIVE2,P06_P2,en,zh,P,2,P06,5,433940,433940,176985,243132,13823,73,233156,23799,47,217735,39220,26,207136,49819,18,186376,70579,11,24,0,0,0,0,0,0,0,0,177,158,177,158,0,0,0,0,29,142,34,54,0,---,在_视口_上_有_一个_像_花绽放_一样_的_蜘蛛网_；_即使_在_玻璃_试图_从_其_边缘_将_自己_愈合_的_同时_，_有_一股_细小_的_水流_从_其_中心_喷出_。,2.58,1.44,0,5.28,3.76,4.52
15,15,15,sentence,CREATIVE2,P06_P2,en,zh,P,2,P06,5,307481,307481,105829,191818,9834,42,187183,14469,30,179850,21802,19,166485,35167,11,157472,44180,8,20,0,0,0,0,0,0,0,0,106,113,106,113,0,0,0,0,21,107,26,39,0,---,阿桑特_最后_看到_的_是_萨_利特_人_的_潜水服_上_的_沙漠_锤_图标_，_不过_她_一口气_便_将_将_吹_走_了_。,2.16,1.42,0,4.14,3.54,3.84
1,1,33,paragraph,CREATIVE2,P09_P2,en,zh,P,2,P09,0,0,0,0,0,0,0,0,0,0,0,0,0,0,0,0,0,0,0,0,0,0,0,0,0,0,0,0,0,0,0,0,0,0,0,0,1,5,1,1,0,---,零,2.55,1.49,0,1,1,1
2,2,34,paragraph,CREATIVE2,P09_P2,en,zh,P,2,P09,4,2893510,1399456,1396282,1482837,14391,94,1472179,25049,67,1461611,35617,51,1446231,50997,40,1401430,95798,24,36,0,0,0,0,0,0,0,0,188,182,188,182,0,0,0,0,126,696,156,258,0,---,阿桑特_大喊大叫_着_跑_了_出去_。_地狱_是_一个_回声_室_，_到处_都_是_呼号_声_以及_海水_，_还有_叮当作响_的_金属_。_巨大_的_阴影_沿着_舱壁_移动_；_绿色_光网_在_每个_表面_上_闪烁_。_S_ā_ḥ_ilites_从_月亮_池中_升起_，_就_像_从_明亮_的_泻湖_中_升起_的_生物_一样_，_它们_一_出现_就_火光_四射_；_拉希_达_(_Rashida_)_的_中部_在_黑暗_的_薄雾_中_爆炸_，_她_的_上半身_倒_在_甲板_上_。_基托_(_Kito_)_仍_在_往_干_衣架_上_的_捕鱼_枪_走_去_—_—_好像_有些_古董_鱼_贴纸_可能_会_用_它们_的_枪支_、_气动_装置_以及_它们_的_小_弹药筒_抵御_这些_怪物_，_它们_在_你_的_身体_深处_埋藏_着_，_然后_向_你_展示_释放_500_种_大气_对_你_的_内部_有_什么_作用_。,2.2,1.32,0,4.05,2.38,3.22
3,3,35,paragraph,CREATIVE2,P09_P2,en,zh,P,2,P09,3,92382,92382,27707,58337,6338,37,51766,12909,21,46607,18068,13,40471,24204,9,24215,40460,3,9,0,0,0,0,0,0,0,0,75,67,75,67,0,0,0,0,16,56,15,26,0,---,这些_远远_超出_了_阿桑特_的_所有_，_他_仅仅_拥有_他_的_拳头_。,2.71,1.52,0,1.81,2.13,1.97
4,4,36,paragraph,CREATIVE2,P09_P2,en,zh,P,2,P09,5,1339347,1129866,445594,878517,15236,90,869254,24499,66,851004,42749,40,835935,57818,29,819796,73957,24,31,0,0,0,0,0,0,0,0,198,207,198,207,0,0,0,0,89,436,97,163,0,---,他_使用_拳头_。_他_在_最近_的_S_ā_ḥ_ilite_处_启动_，_同时_，_她_在_视线_之内_沿着_Kito_排队_；_随着_甲板_晃动_、_摔落_和_倾斜_，_他_的_身体_疯狂_摇摆_。_海水_冲_过_月亮_池_的_边缘_，_形成_了_横跨_整个_电镀_层_的_层叠_。_阿桑特_在_下山_的_路上_猛烈_击打_入侵者_。_她_的_射门_很_宽_。_一个_蜘蛛网_在_视角_中_绽放_：_即使_玻璃_试图_从_其_边缘_自愈_，_蜘蛛网_中心_也_会_有_一个_细小_的_喷水_口_。,2.48,1.52,0,4.83,4.37,4.6
5,5,37,paragraph,CREATIVE2,P09_P2,en,zh,P,2,P09,2,727782,490864,288450,429538,9794,77,417364,21968,47,405724,33608,30,394349,44983,21,363770,75562,13,21,0,0,0,0,0,0,0,0,153,153,153,153,0,0,0,0,21,107,26,46,0,---,阿桑特_看到_的_最后_一个_东西_，_是_S_ā_ḥ_ilite_潜水服_上_的_沙漠_锤子_图标_，_然后_她_把_他_赶走_了_。,2.16,1.42,0,4.67,4,4.33
1,1,16,sentence,CREATIVE2,P09_P5,en,zh,P,5,P09,5,56369,56369,36049,17883,2437,15,15815,4505,9,11600,8720,4,9122,11198,2,7022,13298,1,4,0,0,0,0,0,0,0,0,31,26,31,26,0,0,0,0,3,18,2,4,0,---,历史_再现,1.96,0,0,1.33,2.5,1.92
2,2,17,sentence,CREATIVE2,P09_P5,en,zh,P,5,P09,4,279714,29660,254260,24366,1088,6,24366,1088,6,23460,1994,5,22376,3078,4,15076,10378,2,2,0,0,0,0,0,0,0,0,19,26,19,26,0,0,0,0,6,28,3,8,0,---,一堂_家庭_历史课,2.18,0.51,0,1.8,2.67,2.23
3,3,18,sentence,CREATIVE2,P09_P5,en,zh,P,5,P09,3,55569,55569,47323,7431,815,4,7431,815,4,6440,1806,3,4878,3368,2,0,8246,0,4,0,0,0,0,0,0,0,0,12,11,12,11,0,0,0,0,11,53,15,21,0,---,你_对_你_叔叔_的_坟墓_所_做_的_事情_是_不可_原谅_的_。,0.87,0.48,0,4.45,2.73,3.59
4,4,19,sentence,CREATIVE2,P09_P5,en,zh,P,5,P09,5,68513,68513,62288,4647,1578,8,2965,3260,4,0,6225,0,0,6225,0,0,6225,0,4,0,0,0,0,0,0,0,0,26,23,26,23,0,0,0,0,8,39,7,13,0,---,你_的_母亲_一如既往_地_自责_。,1.68,0.96,0,2.38,3.14,2.76
5,5,20,sentence,CREATIVE2,P09_P5,en,zh,P,5,P09,2,12820,12820,6692,4282,1846,3,3831,2297,2,3233,2895,1,3233,2895,1,0,6128,0,2,0,0,0,0,0,0,0,0,18,13,18,13,0,0,0,0,12,47,13,19,0,---,她_说_，_你_当时_根本_不_知道_自己_在_做_什么_。,0.53,0.31,0,4.08,5.23,4.66
6,6,21,sentence,CREATIVE2,P09_P5,en,zh,P,5,P09,4,660350,660350,154964,490900,14486,138,477571,27815,105,441482,63904,55,419345,86041,39,358558,146828,19,29,0,0,0,0,0,0,0,0,244,253,244,253,0,0,0,0,36,184,32,54,0,---,我_也许_能_接受_你_把_我_给_你_的_羊角_号_换成_了_eMotive_耳机_，_甚至_能_接受_你_结交_那些_剃光头_发_、_满嘴_脏话_的_年轻_混混_。,1.75,0.86,0,3.83,3.94,3.89
7,7,22,sentence,CREATIVE2,P09_P5,en,zh,P,5,P09,2,277271,277271,2679,270559,4033,20,268830,5762,16,267294,7298,13,262938,11654,10,247945,26647,6,8,0,0,0,0,0,0,0,0,64,59,64,59,0,0,0,0,22,99,27,41,0,---,但是_，_我_永远_不会_原谅_你_游戏机_上_的_纳粹_标志_，_不过_你_是_我_女儿_的_儿子_，_并_不是_我_的_儿子_。,1.56,0.82,0,2.64,1.93,2.28
8,8,23,sentence,CREATIVE2,P09_P5,en,zh,P,5,P09,2,21113,21113,11245,8749,1119,7,6799,3069,2,6248,3620,1,6248,3620,1,6248,3620,1,2,0,0,0,0,0,0,0,0,21,20,21,20,0,0,0,0,7,40,7,13,0,---,也许_这_只是_青春期_的_叛逆_。,0.72,0.45,0,1.29,1.43,1.36
9,9,24,sentence,CREATIVE2,P09_P5,en,zh,P,5,P09,3,116876,116876,93620,21718,1538,12,19131,4125,5,19131,4125,5,17719,5537,4,5140,18116,1,8,0,0,0,0,0,0,0,0,29,25,29,25,0,0,0,0,8,31,8,13,0,---,毕竟_，_你_怎么_知道_历史_呢_？,1.8,0.71,0,3.38,3.25,3.31
10,10,25,sentence,CREATIVE2,P09_P5,en,zh,P,5,P09,4,73356,73356,54669,16529,2158,17,13876,4811,10,10842,7845,6,5094,13593,2,0,18687,0,6,0,0,0,0,0,0,0,0,43,37,43,37,0,0,0,0,11,47,13,24,0,---,现在_都_2017_年_了_，_真的_还有_孩子_了解_历史_吗_？,1.96,0.86,0,5.64,3.69,4.66
11,11,26,sentence,CREATIVE2,P09_P5,en,zh,P,5,P09,2,154573,154573,21881,127007,5685,28,121628,11064,15,119470,13222,12,115028,17664,9,97120,35572,3,8,0,0,0,0,0,0,0,0,83,80,83,80,0,0,0,0,17,94,17,34,0,---,种族灭绝_到底_有_多_可怕_，_远远_不是_历史书籍_和_年代久远_的_照片_能够_传达_的_。,1.97,1.01,0,4.06,3.76,3.91
12,12,27,sentence,CREATIVE2,P09_P5,en,zh,P,5,P09,2,57265,57265,21504,30817,4944,21,27413,8348,12,23574,12187,6,21961,13800,5,12078,23683,1,3,0,0,0,0,0,0,0,0,72,68,72,68,0,0,0,0,10,48,11,18,0,---,你_没有_亲历_其中_；_你_永远_都_无法_理解_。,1.29,0.53,0,1.8,1.64,1.72
13,13,28,sentence,CREATIVE2,P09_P5,en,zh,P,5,P09,3,69384,69384,24866,42389,2129,16,40380,4138,11,38472,6046,8,35158,9360,5,27760,16758,2,8,0,0,0,0,0,0,0,0,37,32,37,32,0,0,0,0,23,105,29,43,0,---,我们_曾_告诉_自己_，_你_是_个_心地善良_的_好_男孩_，_对_你_来说_，_那_是_一段_古老_的_历史_，_抽象_而_不_真实_。,1.22,0.54,0,3.26,2.45,2.85
14,14,29,sentence,CREATIVE2,P09_P5,en,zh,P,5,P09,3,428597,428597,100281,317629,10687,62,311123,17193,45,299353,28963,26,287979,40337,17,275018,53298,13,17,0,0,0,0,0,0,0,0,181,184,181,184,0,0,0,0,30,144,25,44,0,---,我们_两位_医生_对_自我_厌恶_的_犹太人_的_悲惨_典型_很_是_熟悉_，_我们_说服_自己_像_对待_受害者_一样_对待_你_。,1.69,0.9,0,4.03,4.88,4.46
15,15,30,sentence,CREATIVE2,P09_P5,en,zh,P,5,P09,4,240600,240600,136926,95564,8110,33,92473,11201,25,83776,19898,12,77362,26312,7,68855,34819,4,6,0,0,0,0,0,0,0,0,112,107,112,107,0,0,0,0,28,141,27,41,0,---,然后_警察_把_你_从_墓_地带_了_回来_，_你_用_呆滞_、_冷漠_的_眼神_看着_我们_，_我_决定_不再_寻找_借口_了_。,1.23,0.63,0,2.79,2.56,2.67
16,16,31,sentence,CREATIVE2,P09_P5,en,zh,P,5,P09,4,122133,122133,99993,20321,1819,16,18356,3784,11,16062,6078,8,8512,13628,3,0,22140,0,7,0,0,0,0,0,0,0,0,34,31,34,31,0,0,0,0,9,35,9,16,0,---,这个_坟墓_不仅仅_埋葬_着_你_的_叔叔_。,1.29,0.7,0,3,3,3
17,17,32,sentence,CREATIVE2,P09_P5,en,zh,P,5,P09,7,605087,375461,76819,510306,17962,100,497481,30787,68,480418,47850,42,462111,66157,28,424193,104075,15,34,0,0,0,0,0,0,0,0,295,263,295,263,0,0,0,0,17,77,25,41,0,---,还_埋葬_了_其他_600_万_亡魂_，_你_明明_知道_，_却_还_向_他们_吐口_水_，_这_对_你_来说_毫无意义_。,2.1,1.04,0,11.35,6.2,8.78
1,1,33,paragraph,CREATIVE2,P10_P2,en,zh,P,2,P10,1,18486,18486,18486,0,0,0,0,0,0,0,0,0,0,0,0,0,0,0,1,0,0,0,0,0,0,0,0,1,0,1,0,0,0,0,0,1,5,1,5,0,---,ZeroS,2.55,1.49,0,1,1,1
2,2,34,paragraph,CREATIVE2,P10_P2,en,zh,P,2,P10,3,1860149,1148182,715655,1096863,47631,213,1072721,71773,154,1025824,118670,85,982675,161819,53,932926,211568,38,51,0,0,0,0,0,0,0,0,442,437,442,437,0,0,0,0,126,696,151,250,0,---,Asante_大喊大叫_。_地狱_是_一个_回声_室_，_到处_都_是_呼号_与_海水_，_还有_叮当_乱响_的_金属_。_硕大_的_阴影_沿鼓仓_移动_；_发出_绿色_光_的_网格_在_各个_表面_上_闪烁_。_S_ā_ḥ_ilites_从_月池_中_升起_，_就_像_一些_明亮_的_泻湖_中_的_生物_一样_，_在_出现_发出_火焰_；_Rashida_的_腰部_，_在_黑暗_的_雾气_中_爆炸_，_她_的_上半部_倾倒_在_甲板_上_。_Kito_仍_在_往_干_衣架_上_的_探险_枪_走_去_—_—_仿佛_一些_古董_鱼标_，_可以_用_它们_的_枪_和_气动_装置_以及_它们_的_小_弹壳_（_这些_小_弹壳_，_在_向_你_展示_五百个_未_释放_的_大气压_可以_给_你_身体_内部_造成_何种_影响_之前_，_会_深藏_在_你_的_体内_）_，_挡住_这些_怪兽_，,2.2,1.32,0,5.39,2.82,4.1
3,3,35,paragraph,CREATIVE2,P10_P2,en,zh,P,2,P10,3,23486,23486,1360,18557,3569,11,16685,5441,6,15125,7001,4,12875,9251,2,9844,12282,1,4,0,0,0,0,0,0,0,0,32,25,32,25,0,0,0,0,16,56,10,23,0,---,Asnate_没有_这些_。_他_只有_自己_的_拳头_。,2.71,1.52,0,2.38,4.2,3.29
4,4,36,paragraph,CREATIVE2,P10_P2,en,zh,P,2,P10,5,642364,642364,21492,596178,24694,128,581073,39799,91,558138,62734,57,525024,95848,34,474297,146575,18,32,0,0,0,0,0,0,0,0,239,249,239,249,0,0,0,0,89,436,100,161,0,---,他用_了_拳头_。_她_在_最近_的_S_ā_ḥ_ilite_启动_，_在_她_找齐_时_，_她_看到_了_Kito_，_随着_甲板_的_咆哮_、_急降_和_倾斜_的_侧_道_、_疯狂_的_摆动_。_海水_冲_过_月池_的_边缘_、_形成_了_横跨_整个_电镀_层_的_层叠_。_Asante_在_他_下山_的_路上_，_朝_入侵者_发起_猛击_。_她_的_射击_范围_很_宽_。_一个_蜘蛛网_在_视端_膨胀_；_即使_玻璃_试图_从_其_边缘_愈合_，_其_中心_也_会_有_一个_细小_的_水口_喷发_。,2.48,1.52,0,4.45,3.35,3.9
5,5,37,paragraph,CREATIVE2,P10_P2,en,zh,P,2,P10,5,207696,207696,94069,95531,18096,51,89316,24311,36,78125,35502,20,64837,48790,11,38379,75248,3,13,0,0,0,0,0,0,0,0,134,136,134,136,0,0,0,0,21,107,23,45,0,---,在_将_其_击溃_之前_，_Asante_最后_看到_的_，_是_S_ā_ḥ_ilite_潜水服_上_的_沙漠_之锤_图标_。,2.16,1.42,0,6.05,6.48,6.26
1,1,16,sentence,CREATIVE2,P10_P5,en,zh,P,5,P10,1,103545,103545,99126,4408,11,2,4408,11,2,4408,11,2,2773,1646,1,0,4419,0,0,0,0,0,0,0,0,0,0,7,7,7,7,0,0,0,0,3,18,2,4,0,---,重复_过去,1.96,0,0,1,1.5,1.25
2,2,17,sentence,CREATIVE2,P10_P5,en,zh,P,5,P10,4,79141,79141,74686,3741,714,6,1824,2631,1,1824,2631,1,0,4455,0,0,4455,0,4,0,0,0,0,0,0,0,0,9,9,9,9,0,0,0,0,6,28,3,8,0,---,一堂_家庭_历史课,2.18,0.51,0,1.67,2.33,2
3,3,18,sentence,CREATIVE2,P10_P5,en,zh,P,5,P10,4,27008,27008,16003,9226,1779,7,8094,2911,4,7345,3660,3,5677,5328,2,0,11005,0,7,0,0,0,0,0,0,0,0,16,14,16,14,0,0,0,0,11,53,15,21,0,---,你_对_自己_叔叔_坟墓_所_做_的_事_，_是_不可_原谅_的_。,0.87,0.48,0,4.27,3.33,3.8
4,4,19,sentence,CREATIVE2,P10_P5,en,zh,P,5,P10,2,527,527,527,0,0,0,0,0,0,0,0,0,0,0,0,0,0,0,1,0,0,0,0,0,0,0,0,2,0,2,0,0,0,0,0,8,39,7,12,0,---,你_的_母亲_总是_责备_自己_。,1.68,0.96,0,2,2.43,2.21
5,5,20,sentence,CREATIVE2,P10_P5,en,zh,P,5,P10,2,15831,15831,13515,1249,1067,3,522,1794,1,0,2316,0,0,2316,0,0,2316,0,2,0,0,0,0,0,0,0,0,4,10,4,10,0,0,0,0,12,47,11,15,0,---,她_说_，_你_不_知道_自己_在_做_什么_。,0.53,0.31,0,2.83,3.55,3.19
6,6,21,sentence,CREATIVE2,P10_P5,en,zh,P,5,P10,4,350936,350936,27237,311721,11978,91,298204,25495,56,278777,44922,28,260812,62887,15,231799,91900,7,17,0,0,0,0,0,0,0,0,144,141,144,141,0,0,0,0,36,184,34,62,0,---,当_你_用_我_给_你_的_shofar_交换_那个_eMotiv_耳机_，_或者_，_甚至_当_你_与_那些_光头_、_满嘴_脏话_的_年轻人_为伍_时_，_我_都_可以_接受_。,1.75,0.86,0,5.33,3.88,4.61
7,7,22,sentence,CREATIVE2,P10_P5,en,zh,P,5,P10,2,37242,37242,29616,7451,175,4,6701,925,2,5813,1813,1,5813,1813,1,5813,1813,1,4,0,0,0,0,0,0,0,0,5,5,5,5,0,0,0,0,22,99,26,36,0,---,我_永远_不会_忘记_你_的_游戏_中_的_那_只_天鹅_，_但_你_是_我_女儿_的_儿子_，_不是_我_的_儿子_。,1.56,0.82,0,2.18,1.92,2.05
8,8,23,sentence,CREATIVE2,P10_P5,en,zh,P,5,P10,2,58343,58343,21403,35255,1685,9,33273,3667,4,31813,5127,2,31813,5127,2,28829,8111,1,2,0,0,0,0,0,0,0,0,16,18,16,18,0,0,0,0,7,40,7,13,0,---,也许_这_只是_青少年_的_叛乱_。,0.72,0.45,0,1.29,1.43,1.36
9,9,24,sentence,CREATIVE2,P10_P5,en,zh,P,5,P10,6,15204,15204,9671,3750,1783,5,3113,2420,3,2583,2950,2,0,5533,0,0,5533,0,6,0,0,0,0,0,0,0,0,24,20,24,20,0,0,0,0,8,31,6,10,0,---,你_究竟_怎么_能_知道_？,1.8,0.71,0,3,3.33,3.17
10,10,25,sentence,CREATIVE2,P10_P5,en,zh,P,5,P10,5,31545,31545,7189,21782,2574,15,19421,4935,9,15321,9035,3,13921,10435,2,13921,10435,2,7,0,0,0,0,0,0,0,0,35,30,35,30,0,0,0,0,11,47,14,24,0,---,现在_，_在_2017_年_，_有_任何_孩子_能_真的_知道_吗_？,1.96,0.86,0,4.27,3.79,4.03
11,11,26,sentence,CREATIVE2,P10_P5,en,zh,P,5,P10,2,118913,118913,74608,40060,4245,26,34283,10022,12,30044,14261,6,27316,16989,4,21379,22926,2,5,0,0,0,0,0,0,0,0,43,53,43,53,0,0,0,0,17,94,9,19,0,---,种族灭绝_远比_历史_书_和_老照片_更为_可怕_。,1.97,1.01,0,1.82,6,3.91
12,12,27,sentence,CREATIVE2,P10_P5,en,zh,P,5,P10,2,2838,2838,704,1597,537,3,751,1383,1,0,2134,0,0,2134,0,0,2134,0,1,0,0,0,0,0,0,0,0,6,5,6,5,0,0,0,0,10,48,9,17,0,---,你_没有_身临其境_，_你_永远_不能_理解_。,1.29,0.53,0,1.3,1.56,1.43
13,13,28,sentence,CREATIVE2,P10_P5,en,zh,P,5,P10,2,49443,49443,12263,36608,572,10,35066,2114,6,34549,2631,5,34549,2631,5,32502,4678,4,7,0,0,0,0,0,0,0,0,9,9,9,9,0,0,0,0,23,105,27,40,0,---,我们_告诉_自己_，_你_在_心里_是_个_好_男孩_，_对_你_来说_，_这是_一段_古老_的_历史_，_抽象_而_不_真实_。,1.22,0.54,0,2.91,2.37,2.64
14,14,29,sentence,CREATIVE2,P10_P5,en,zh,P,5,P10,2,320360,320360,26116,286243,8001,56,276548,17696,32,265061,29183,15,255823,38421,9,253160,41084,8,11,0,0,0,0,0,0,0,0,106,100,106,100,0,0,0,0,30,144,29,52,0,---,我们_两位_医生_，_都_熟悉_自我_厌恶_的_犹太人_的_这种_令人_悲伤_的_性格特征_，_我们_一直_认为_，_会_像_对待_受害者_一样_对待_你_。,1.69,0.9,0,3.23,3.14,3.19
15,15,30,sentence,CREATIVE2,P10_P5,en,zh,P,5,P10,2,39034,39034,20484,16921,1629,7,15539,3011,4,15539,3011,4,13593,4957,3,7037,11513,1,4,0,0,0,0,0,0,0,0,21,16,21,16,0,0,0,0,28,141,29,42,0,---,然后_，_警察_把_你_从_墓_地带_回来_，_你_用_那_沉闷_、_冷漠_的_眼睛_望_着_我们_，_于是_我_不再_寻找_借口_了_。,1.23,0.63,0,2.71,2.34,2.53
16,16,31,sentence,CREATIVE2,P10_P5,en,zh,P,5,P10,1,25630,25630,23727,1097,806,1,1097,806,1,1097,806,1,0,1903,0,0,1903,0,1,0,0,0,0,0,0,0,0,5,5,5,5,0,0,0,0,9,35,8,13,0,---,这_不仅仅_是_你_叔叔_的_坟墓_。,1.29,0.7,0,1.44,1.75,1.6
17,17,32,sentence,CREATIVE2,P10_P5,en,zh,P,5,P10,2,41500,41500,24617,13314,3569,11,11190,5693,5,8948,7935,2,8948,7935,2,6357,10526,1,3,0,0,0,0,0,0,0,0,36,38,36,38,0,0,0,0,17,77,14,27,0,---,你_往_其他_600_万人_身上_吐痰_，_你_知道_，_却_无动于衷_。,2.1,1.04,0,2.59,2.43,2.51
1,1,1,sentence,CREATIVE2,P11_P2,en,zh,P,2,P11,0,0,0,0,0,0,0,0,0,0,0,0,0,0,0,0,0,0,0,0,0,0,0,0,0,0,0,0,0,0,0,0,0,0,0,0,1,5,1,5,0,---,ZeroS,2.55,1.49,0,1,1,1
2,2,2,sentence,CREATIVE2,P11_P2,en,zh,P,2,P11,3,181444,181444,148682,30045,2717,6,28956,3806,3,28389,4373,2,28389,4373,2,25866,6896,1,7,0,0,0,0,0,0,0,0,28,24,28,24,0,0,0,0,5,27,7,16,0,---,Asante_叫嚷_着_走_了_出去_。,1.91,1.09,0,3.2,2,2.6
3,3,3,sentence,CREATIVE2,P11_P2,en,zh,P,2,P11,4,262355,262355,168455,89127,4773,31,85488,8412,21,77937,15963,10,71873,22027,6,65980,27920,4,11,0,0,0,0,0,0,0,0,81,104,81,104,0,0,0,0,15,73,16,28,0,---,地狱_是_一个_回音_室_，_充满_了_喊叫声_、_海浪声_和_金属_的_叮当声_。,1.51,1,0,1.53,1.38,1.45
4,4,4,sentence,CREATIVE2,P11_P2,en,zh,P,2,P11,3,202813,202813,95305,106714,794,5,106358,1150,4,105529,1979,3,104161,3347,2,104161,3347,2,8,0,0,0,0,0,0,0,0,39,11,39,11,0,0,0,0,16,91,17,30,0,---,巨大_的_阴影_沿着_舱壁_移动_；_发出_绿光_的_网状_物在_每个_表面_上_蠕动_。,2.08,1.3,0,2.88,2.71,2.79
5,5,5,sentence,CREATIVE2,P11_P2,en,zh,P,2,P11,5,971709,438440,849671,115582,6456,24,113101,8937,18,109581,12457,13,101859,20179,8,94997,27041,6,11,0,0,0,0,0,0,0,0,80,77,80,77,0,0,0,0,35,180,43,73,0,---,S_ā_ḥ_ilite_们_从_月亮_池中_升起_，_就_像_一些_明亮_的_泻湖_中_的_生物_一样_，_他们_一_出现_就_开火_；_Rashida_的_腹部_在_黑雾_中_爆炸_，_她_的_上半身_倒_在_甲板_上_。,1.99,1.22,0,3.06,2.28,2.67
6,6,6,sentence,CREATIVE2,P11_P2,en,zh,P,2,P11,7,1063137,1063137,310930,720306,31901,130,708441,43766,101,685072,67135,66,656481,95726,47,599802,152405,28,55,0,0,0,0,0,0,0,0,376,381,376,381,0,0,0,0,55,325,60,103,0,---,Kito_仍_在_费力_地去_拿_干燥_架上_的_鱼枪_—_好像_某个_鱼枪_可以_挡住_这些_怪兽_以及_它们_的_枪_、_气动_装置_以及_小_子弹_，_这些_小_子弹_会_深深地_埋藏_在_你_的_身体_内_，_之后_再_向_你_展示_500_个_迸发_的_气囊_对_你_的_身体_产生_怎样_的_威力_。,2.58,1.5,0,3,2.52,2.76
7,7,7,sentence,CREATIVE2,P11_P2,en,zh,P,2,P11,3,44169,44169,28393,14507,1269,10,12931,2845,6,10795,4981,2,10795,4981,2,10795,4981,2,2,0,0,0,0,0,0,0,0,32,17,32,17,0,0,0,0,8,29,6,16,0,---,这比_Asante_厉害_得_多_。,2.84,1.49,0,2.88,4.17,3.52
8,8,8,sentence,CREATIVE2,P11_P2,en,zh,P,2,P11,1,28183,28183,27379,539,265,1,539,265,1,0,804,0,0,804,0,0,804,0,1,0,0,0,0,0,0,0,0,3,3,3,3,0,0,0,0,8,27,4,7,0,---,他_只有_拳头_。,2.58,1.55,0,1.25,3.75,2.5
9,9,9,sentence,CREATIVE2,P11_P2,en,zh,P,2,P11,10,840413,553702,571288,254637,14488,42,249789,19336,29,243654,25471,19,236505,32620,14,219845,49280,8,12,0,0,0,0,0,0,0,0,160,159,160,159,0,0,0,0,4,14,6,9,0,---,他_使用_他_的_拳头_。,2,1.48,0,2,1,1.5
10,10,10,sentence,CREATIVE2,P11_P2,en,zh,P,2,P11,13,1089477,1089477,281418,750915,57144,192,733539,74520,146,693695,114364,89,654336,153723,61,571671,236388,36,56,0,0,0,0,0,0,0,0,652,652,652,652,0,0,0,0,27,140,37,63,0,---,他_扑_向_了_一个_离_他_最近_、_正在_瞄准_Kito_准备_射击_的_S_ā_ḥ_ilite_身上_，_当_甲板_吱_嘎_作响_、_晃动_倾斜_时_，_他_的_身体_晃得_厉害_。,2.76,1.7,0,6.22,3.7,4.96
11,11,11,sentence,CREATIVE2,P11_P2,en,zh,P,2,P11,4,194394,194394,181931,9937,2526,5,9537,2926,4,9537,2926,4,7113,5350,2,5066,7397,1,7,0,0,0,0,0,0,0,0,36,42,36,42,0,0,0,0,14,73,14,22,0,---,海水_冲出_了_月亮_池_的_边缘_，_瀑布_般_漫过_了_池面_。,2.12,1.38,0,2.29,2.07,2.18
12,12,12,sentence,CREATIVE2,P11_P2,en,zh,P,2,P11,7,379392,379392,272148,96926,10318,27,93479,13765,18,89199,18045,11,83060,24184,7,78408,28836,5,12,0,0,0,0,0,0,0,0,122,129,122,129,0,0,0,0,10,47,5,16,0,---,Asante_一路_猛击_入侵者_。,2.32,1.54,0,1.8,5,3.4
13,13,13,sentence,CREATIVE2,P11_P2,en,zh,P,2,P11,4,208104,208104,205129,1078,1897,3,0,2975,0,0,2975,0,0,2975,0,0,2975,0,4,0,0,0,0,0,0,0,0,23,57,23,57,0,0,0,0,5,20,6,9,0,---,她_大_范围_地_扫射_。,2.15,1.32,0,3,2.5,2.75
14,14,14,sentence,CREATIVE2,P11_P2,en,zh,P,2,P11,9,494826,494826,271173,208165,15488,48,202422,21231,34,191912,31741,20,180949,42704,13,159820,63833,6,23,0,0,0,0,0,0,0,0,179,143,179,143,0,0,0,0,29,142,23,40,0,---,一个_蜘蛛网_遮盖_了_观察_孔_；_甚至_当_玻璃_试图_从_边缘_愈合_时_，_一股_细细的_水流_从_中心_喷出_。,2.58,1.44,0,3.03,3.73,3.38
15,15,15,sentence,CREATIVE2,P11_P2,en,zh,P,2,P11,10,583124,583124,295979,266248,20897,76,258038,29107,55,245046,42099,37,230910,56235,27,189493,97652,13,25,0,0,0,0,0,0,0,0,264,263,264,263,0,0,0,0,21,107,22,44,0,---,Asante_撤退_之前_，_他_最后_看到_的_是_S_ā_ḥ_ilite_的_潜水衣_上_有_一个_沙漠_锤_标志_。,2.16,1.42,0,4.33,4.95,4.64
1,1,38,paragraph,CREATIVE2,P11_P5,en,zh,P,5,P11,2,38642,38642,26595,10024,2023,5,9260,2787,3,9260,2787,3,9260,2787,3,0,12047,0,2,0,0,0,0,0,0,0,0,23,24,23,24,0,0,0,0,3,18,1,4,0,---,回顾过去,1.96,0,0,1,3,2
2,2,39,paragraph,CREATIVE2,P11_P5,en,zh,P,5,P11,4,149922,149922,144755,5165,2,3,5165,2,3,5165,2,3,2475,2692,1,0,5167,0,2,0,0,0,0,0,0,0,0,7,2,7,2,0,0,0,0,6,28,5,10,0,---,有关_家族史_的_一课_。,2.18,0.51,0,2.67,3.8,3.23
3,3,40,paragraph,CREATIVE2,P11_P5,en,zh,P,5,P11,2,120999,120999,120571,0,428,0,0,428,0,0,428,0,0,428,0,0,428,0,2,0,0,0,0,0,0,0,0,3,219,3,219,0,0,0,0,11,53,12,20,0,---,你_对_你_叔叔_坟墓_的_所作所为_是_不可_原谅_的_。,0.87,0.48,0,3.45,2.92,3.19
4,4,41,paragraph,CREATIVE2,P11_P5,en,zh,P,5,P11,5,1651688,976800,494497,1139369,17822,77,1134962,22229,66,1124287,32904,52,1103205,53986,38,1057835,99356,24,74,0,0,0,0,0,0,0,0,431,217,431,217,0,0,0,0,131,629,136,216,0,---,你_的_母亲_总是_责备_自己_。_她_说_你_不_知道_自己_在_做_什么_。_当_你_把_我_给_你_的_羊角_号_换成_eMotiv_头盔_的_时候_，_或许_是_这样_，_甚至_当_你_和_那些_剃_了_光头_、_嘴巴_脏兮兮_的_小混混_成为_朋友_的_时候_，_我_都_可以_接受_。_然而_我_永远_不会_原谅_你_在_游戏_舱上_使用_纳粹党_十字_记号_，_但_你_是_我_女儿_的_儿子_，_不是_我_的_。_也许_这_只是_青春期_的_叛逆_。_但_你_怎么_可能_知道_呢_？_2017_年_的_孩子_怎么_可能_知道_呢_？_历史_书_和_粗糙_的_老照片_告诉_我们_，_种族灭绝_是_一件_太_可怕_的_事_。_你_不曾_在_那里_；_你_也_永远_不会_明白_。,1.56,0.77,0,4.17,3.4,3.78
5,5,42,paragraph,CREATIVE2,P11_P5,en,zh,P,5,P11,4,1767900,262045,1109879,651279,6742,26,648238,9783,18,643861,14160,12,643861,14160,12,634967,23054,9,19,0,0,0,0,0,0,0,0,215,231,215,231,0,0,0,0,107,502,97,152,0,---,我们_告诉_自己_，_你_内心_是_个_好孩子_，_对_你_来说_那_是_一段_古老_的_历史_，_抽象_而_不_真实_。_我们_两个_人_都_是_医生_，_都_熟悉_那种_自我_厌恶_的_犹太人_的_悲伤_形象_，_我们_说服_自己_把_你_当成_某种_受害者_。_但是_之后_警察_把_你_从_墓_地带_回来_，_你_用_迟钝_、_冷漠_的_眼睛_看着_我们_，_我_不再_找_借口_了_。_那_不仅仅_是_你_叔叔_的_坟墓_。_你_对_着_六百万_其他人_吐口_水_，_这_毫无意义_。,1.5,0.75,0,2.47,2.86,2.66
1,1,33,paragraph,CREATIVE2,P12_P2,en,zh,P,2,P12,0,0,0,0,0,0,0,0,0,0,0,0,0,0,0,0,0,0,0,0,0,0,0,0,0,0,0,0,0,0,0,0,0,0,0,0,1,5,1,1,0,---,零,2.55,1.49,0,1,1,1
2,2,34,paragraph,CREATIVE2,P12_P2,en,zh,P,2,P12,4,4889189,913957,3125904,1715116,48169,174,1700335,62950,136,1666218,97067,86,1620671,142614,53,1542734,220551,29,49,0,0,0,0,0,0,0,0,558,563,558,563,0,0,0,0,126,696,152,229,0,---,阿桑特_发出_尖锐_的_声响_熄灭_了_火光_。_地狱_是_一个_回声_室_，_到处_都_是_呼号_、_海水_和_金属_相撞_的_声音_。_恐怖_的_阴影_沿_防水_壁_移动_；_绿光_交织成_的_网格_在_一切_物体_的_表面_扭动_。_撒_西特_从_月池_中_升起_，_就_像_那些_明亮_的_泻湖_中_的_生物_一样_，_随着_它们_的_出现_而_燃烧_；_拉希_达_的_中部_在_黑雾_中_爆炸_，_她_的_上半部_倒塌_在_甲板_上_。_基托_仍_在_往_干_衣架_上_的_鱼_枪_走_去_—_—_就_像_有些_旧时_的_渔夫_可能_会_用_它们_的_枪_和_气动_装置_以及_子弹_抵御_这些_怪物_，_他们_的_小_子弹_把_自己_深深_埋_在_你_的_血肉_里_，_然后_向_你_展示_五百_种_释放_的_气体_对_你_五脏六腑_的_伤害_。,2.2,1.32,0,3.48,2.52,3
3,3,35,paragraph,CREATIVE2,P12_P2,en,zh,P,2,P12,5,662596,372561,434047,222194,6355,22,220046,8503,16,214015,14534,7,211206,17343,5,197691,30858,1,10,0,0,0,0,0,0,0,0,78,79,78,79,0,0,0,0,16,56,13,21,0,---,这_远远_超过_阿桑特_的_威力_。_他_只_知道_用_蛮力_。,2.71,1.52,0,1.75,2.38,2.07
4,4,36,paragraph,CREATIVE2,P12_P2,en,zh,P,2,P12,6,2043007,1548758,111367,1883394,48246,208,1866955,64685,167,1824318,107322,110,1770950,160690,71,1706315,225325,50,57,0,0,0,0,0,0,0,0,588,608,588,608,0,0,0,0,89,436,94,148,0,---,他_使出_蛮力_。_因为_在_撒_西特_的_视线_中_，_她_与_基托_排成_一条线_，_他_在_最近_的_撒_西特_身边_将_自己_发射_，_随着_枪膛_震响_、_下沉_和_倾斜_，_运动_轨迹_也_发生_剧烈_转向_。_海水_冲_过_月池_的_边缘_，_瀑布_漫过_了_水面_。_阿桑特_在_下行_时朝_入侵者_猛击_。_她_射_偏_了_。_瞄准镜_如_蜘蛛网_膨胀_般_碎裂_；_即使_镜片_试图_从_其_边缘_愈合_，_其_中心_也_会_有_一个_细小_的_喷水_口_。,2.48,1.52,0,3.96,3.98,3.97
5,5,37,paragraph,CREATIVE2,P12_P2,en,zh,P,2,P12,3,401884,401884,183276,207982,10626,41,203152,15456,29,193127,25481,15,184153,34455,8,181240,37368,7,14,0,0,0,0,0,0,0,0,117,126,117,126,0,0,0,0,21,107,23,37,0,---,阿桑特_最后_一个_所见_之物_，_是_在_撒_西特_将_他击_走_之前_，_她_水母_衣上_的_沙漠_锤_图标_。,2.16,1.42,0,4.81,4.04,4.43
1,1,16,sentence,CREATIVE2,P12_P5,en,zh,P,5,P12,2,317143,38737,300418,12676,4049,13,11229,5496,9,8367,8358,5,4896,11829,2,0,16725,0,1,0,0,0,0,0,0,0,0,45,47,45,47,0,0,0,0,3,18,2,4,0,---,旧日_重现,1.96,0,0,1.33,2.5,1.92
2,2,17,sentence,CREATIVE2,P12_P5,en,zh,P,5,P12,2,9905,9905,9904,0,1,0,0,1,0,0,1,0,0,1,0,0,1,0,1,0,0,0,0,0,0,0,0,3,0,3,0,0,0,0,0,6,28,4,8,0,---,家族史_的_一课_。,2.18,0.51,0,2.33,3.75,3.04
3,3,18,sentence,CREATIVE2,P12_P5,en,zh,P,5,P12,2,220613,220613,193869,26368,376,5,26368,376,5,25143,1601,3,23288,3456,2,19401,7343,1,4,0,0,0,0,0,0,0,0,11,12,11,12,0,0,0,0,11,53,13,18,0,---,你_对_你_叔叔_坟墓_所_做_的_事_，_不可_原谅_。,0.87,0.48,0,4.73,3.69,4.21
4,4,19,sentence,CREATIVE2,P12_P5,en,zh,P,5,P12,2,68264,68264,28219,36808,3237,19,34932,5113,14,31936,8109,10,26568,13477,6,15506,24539,2,1,0,0,0,0,0,0,0,0,46,43,46,43,0,0,0,0,8,39,8,14,0,---,您_母亲_像_往常_一样_陷入_自责_。,1.68,0.96,0,3.12,2.88,3
5,5,20,sentence,CREATIVE2,P12_P5,en,zh,P,5,P12,4,94006,94006,69945,23085,976,9,22727,1334,8,21118,2943,6,16585,7476,3,9849,14212,1,7,0,0,0,0,0,0,0,0,20,19,20,19,0,0,0,0,12,47,11,15,0,---,她_说_，_你_不_知道_自己_在_做_什么_。,0.53,0.31,0,2.83,3.55,3.19
6,6,21,sentence,CREATIVE2,P12_P5,en,zh,P,5,P12,4,753000,533184,48618,686298,18084,68,681489,22893,56,665998,38384,35,653862,50520,27,615563,88819,15,25,0,0,0,0,0,0,0,0,218,219,218,219,0,0,0,0,36,184,36,64,0,---,我_或许_可以_接受_你_用_我_给_你_的_羊角_号_换_得_了_那_副_eMotiv_耳机_，_甚至_可以_容忍_你_和_那些_剃着_光头_、_满嘴_污言秽语_的_年轻_恶棍_呼朋唤友_。,1.75,0.86,0,5.47,4,4.74
7,7,22,sentence,CREATIVE2,P12_P5,en,zh,P,5,P12,4,388267,388267,218729,164047,5491,26,162029,7509,21,155097,14441,12,146974,22564,7,136227,33311,3,6,0,0,0,0,0,0,0,0,69,72,69,72,0,0,0,0,22,99,24,36,0,---,我_永远_无法_原谅_你_游戏_器中_的_纳粹_十字_，_但_你_是_我_女儿_的_儿子_，_不是_我_的_儿子_。,1.56,0.82,0,2.14,2.04,2.09
8,8,23,sentence,CREATIVE2,P12_P5,en,zh,P,5,P12,7,217001,217001,194684,19717,2600,13,17667,4650,8,15417,6900,4,12240,10077,2,8478,13839,1,7,0,0,0,0,0,0,0,0,36,36,36,36,0,0,0,0,7,40,7,13,0,---,也许_这_只是_青春期_的_叛逆_。,0.72,0.45,0,1.29,1.43,1.36
9,9,24,sentence,CREATIVE2,P12_P5,en,zh,P,5,P12,4,21854,21854,1740,17090,3024,10,15446,4668,6,14039,6075,4,12758,7356,3,5921,14193,1,3,0,0,0,0,0,0,0,0,36,32,36,32,0,0,0,0,8,31,6,9,0,---,你_又_如何_知晓_呢_？,1.8,0.71,0,2.5,4.83,3.67
10,10,25,sentence,CREATIVE2,P12_P5,en,zh,P,5,P12,2,50662,50662,17165,30517,2980,16,29015,4482,12,26384,7113,8,20968,12529,4,16371,17126,2,3,0,0,0,0,0,0,0,0,43,35,43,35,0,0,0,0,11,47,15,26,0,---,现在_是_2017_年_，_孩子_们_怎么_能_真的_知道_历史_真相_呢_？,1.96,0.86,0,5.64,3.6,4.62
11,11,26,sentence,CREATIVE2,P12_P5,en,zh,P,5,P12,2,213610,213610,128688,78267,6655,35,76513,8409,30,65558,19364,15,59322,25600,11,32036,52886,4,11,0,0,0,0,0,0,0,0,98,91,98,91,0,0,0,0,17,94,20,38,0,---,种族灭绝_是_一件_极其可怕_的_事情_，_仅凭_历史_书_和_年代久远_的_照片_，_是_不足以_展现_的_。,1.97,1.01,0,4.29,3.8,4.05
12,12,27,sentence,CREATIVE2,P12_P5,en,zh,P,5,P12,1,16193,16193,6101,7728,2364,6,6528,3564,3,5837,4255,2,4338,5754,1,0,10092,0,3,0,0,0,0,0,0,0,0,29,27,29,27,0,0,0,0,10,48,10,16,0,---,你_没有_经历_过_；_你_永远_无法_理解_。,1.29,0.53,0,1.2,1.3,1.25
13,13,28,sentence,CREATIVE2,P12_P5,en,zh,P,5,P12,1,141795,141795,36108,102064,3623,18,100855,4832,15,97507,8180,10,93613,12074,7,84451,21236,4,3,0,0,0,0,0,0,0,0,51,55,51,55,0,0,0,0,23,105,25,36,0,---,我们_宽慰_自己_：_你_内心_是_个_好_男孩_，_这_段_古老_的_历史_，_对_你_来说_，_抽象_且_虚幻_。,1.22,0.54,0,2.04,1.8,1.92
14,14,29,sentence,CREATIVE2,P12_P5,en,zh,P,5,P12,2,160299,160299,53644,97960,8695,27,94929,11726,20,87942,18713,10,84111,22544,7,77274,29381,5,9,0,0,0,0,0,0,0,0,94,93,94,93,0,0,0,0,30,144,28,48,0,---,我们_两_身为_医生_，_都_熟悉_自我_憎恨_的_犹太人_的_悲伤_性格_，_我们_告诉_自己_，_要_像_对待_某类_受害者_一样_对待_你_。,1.69,0.9,0,3.53,3.11,3.32
15,15,30,sentence,CREATIVE2,P12_P5,en,zh,P,5,P12,1,165069,165069,54506,108224,2339,8,107399,3164,6,105690,4873,4,105690,4873,4,105690,4873,4,5,0,0,0,0,0,0,0,0,34,31,34,31,0,0,0,0,28,141,27,39,0,---,然后_警察_把_你_从_墓地_带回_，_你_用_那_黯然_、_冷漠_的_眼神_望_着_我们_，_于是_我_不再_找_借口_了_。,1.23,0.63,0,2.68,2.56,2.62
16,16,31,sentence,CREATIVE2,P12_P5,en,zh,P,5,P12,1,52476,52476,52189,0,287,0,0,287,0,0,287,0,0,287,0,0,287,0,1,0,0,0,0,0,0,0,0,1,4,1,4,0,0,0,0,9,35,8,13,0,---,这_不仅仅_是_你_叔叔_的_坟墓_。,1.29,0.7,0,1.44,1.75,1.6
17,17,32,sentence,CREATIVE2,P12_P5,en,zh,P,5,P12,1,106361,106361,1,98106,8254,23,94764,11596,14,91114,15246,9,88459,17901,7,85135,21225,6,10,0,0,0,0,0,0,0,0,86,79,86,79,0,0,0,0,17,77,19,33,0,---,你_是_在_侮辱_600_万_被_屠杀_的_犹太人_，_你_还_认为_，_这_没什么_大不了_。,2.1,1.04,0,2,1.95,1.97
1,1,1,sentence,CREATIVE2,P13_P2,en,zh,P,2,P13,2,11192,11192,1347,8294,1551,5,8294,1551,5,7409,2436,4,2244,7601,1,0,9845,0,4,0,0,0,0,0,0,0,0,20,9,20,9,0,0,0,0,1,5,5,10,0,---,神秘_的_“_ZeroS_”,2.55,1.49,0,5,1,3
2,2,2,sentence,CREATIVE2,P13_P2,en,zh,P,2,P13,5,603144,154200,572792,23935,6417,20,21796,8556,15,15937,14415,6,11868,18484,3,0,30352,0,6,0,0,0,0,0,0,0,0,76,80,76,80,0,0,0,0,5,27,5,10,0,---,阿桑特_发出_了_尖叫_。,1.91,1.09,0,2.4,1.6,2
3,3,3,sentence,CREATIVE2,P13_P2,en,zh,P,2,P13,4,52624,52624,38819,8107,5698,8,7339,6466,6,5584,8221,3,2416,11389,1,0,13805,0,3,0,0,0,0,0,0,0,0,62,51,62,51,0,0,0,0,15,73,24,35,0,---,这里_就_像_一个_让_人_绝望_的_回声_室_，_到处_都_是_呼号_和_海水_，_还有_叮当_的_金属_声_。,1.51,1,0,2.8,1.42,2.11
4,4,4,sentence,CREATIVE2,P13_P2,en,zh,P,2,P13,3,419291,419291,40051,368572,10668,50,362667,16573,36,354108,25132,24,341044,38196,15,310300,68940,7,19,0,0,0,0,0,0,0,0,155,147,155,147,0,0,0,0,16,91,25,41,0,---,巨大_阴影_沿着_拉希_达_”_号_的_舱壁_移动_，_舱壁_的_每_一面_都_有_绿色_的_密密麻麻_的_光点_不停_闪动_。,2.08,1.3,0,6.56,3.48,5.02
5,5,5,sentence,CREATIVE2,P13_P2,en,zh,P,2,P13,7,594641,594641,173460,382398,38783,124,369413,51768,92,340354,80827,51,310983,110198,31,263438,157743,16,38,0,0,0,0,0,0,0,0,473,450,473,450,0,0,0,0,35,180,53,77,0,---,萨西_莱特_战士_们_从_船上_的_圆井_甲板_钻_了_出来_，_就_像_电影_《_黑湖_妖潭_》_中_从_湖中_爬_出_的_妖怪_一样_，_一_出现_就_不停_地_开火_。_船_的_中部_在_黑雾_中_爆炸_，_船_的_上半身_也_倒塌_在_甲板_上_。,1.99,1.22,0,4.17,2.21,3.19
6,6,6,sentence,CREATIVE2,P13_P2,en,zh,P,2,P13,8,841537,841537,197512,603297,40728,140,587433,56592,100,557714,86311,58,535563,108462,42,466480,177545,19,33,0,0,0,0,0,0,0,0,490,505,490,505,0,0,0,0,55,325,57,93,0,---,基托_仍然_在_艰难_地_朝着_干_衣架_上_的_矛枪_走_去_—_—_就_好像_那杆_古董_鱼叉_能_把_这些_怪兽_赶走_一样_。_这群_家伙_可是_配着_枪_，_枪里_的_气压_子弹_可以_直击入_你_的_体内_，_然后_再_在_你_的_体内_深处_释放_500_个_大气压_的_冲击波_。,2.58,1.5,0,4.58,5.21,4.9
7,7,7,sentence,CREATIVE2,P13_P2,en,zh,P,2,P13,5,203512,203512,170292,28860,4360,17,25998,7222,10,23218,10002,6,21824,11396,5,12898,20322,2,8,0,0,0,0,0,0,0,0,51,45,51,45,0,0,0,0,8,29,7,13,0,---,这比_阿桑特_的_武器_强多_了_。,2.84,1.49,0,2.62,3,2.81
8,8,8,sentence,CREATIVE2,P13_P2,en,zh,P,2,P13,5,80731,80731,17650,49226,13855,40,42922,20159,24,34001,29080,12,21842,41239,4,13116,49965,2,6,0,0,0,0,0,0,0,0,171,170,171,170,0,0,0,0,8,27,9,17,0,---,因为_阿桑特_只有_他_自己_的_两个_拳头_。,2.58,1.55,0,2.5,3.44,2.97
9,9,9,sentence,CREATIVE2,P13_P2,en,zh,P,2,P13,4,77091,77091,54205,19609,3277,9,18901,3985,7,16965,5921,4,13768,9118,2,10991,11895,1,3,0,0,0,0,0,0,0,0,45,57,45,57,0,0,0,0,4,14,4,7,0,---,拳头_就_拳头_。,2,1.48,0,3,3,3
10,10,10,sentence,CREATIVE2,P13_P2,en,zh,P,2,P13,6,470567,470567,50730,393511,26326,102,382157,37680,74,363311,56526,46,338674,81163,28,293433,126404,14,22,0,0,0,0,0,0,0,0,367,349,367,349,0,0,0,0,27,140,43,68,0,---,他_朝着_离_他_最近_的_一名_萨西_莱特_战士_冲_了_过去_，_而_这时_，_这名_战士_正要_瞄准_基托_。_随着_甲板_轰隆_作响_、_不停_掉落_、_倒_向_两边_，_她_也_在_甲板_上_剧烈地_摇摆_。,2.76,1.7,0,5.52,2.72,4.12
11,11,11,sentence,CREATIVE2,P13_P2,en,zh,P,2,P13,5,232969,232969,130602,89514,12853,37,85057,17310,27,77296,25071,15,69309,33058,9,50767,51600,2,14,0,0,0,0,0,0,0,0,160,160,160,160,0,0,0,0,14,73,16,25,0,---,海水_冲过_了_圆井_甲板_的_边缘_，_海水_蔓延_在_船_的_镀层_上_。,2.12,1.38,0,2.79,2.19,2.49
12,12,12,sentence,CREATIVE2,P13_P2,en,zh,P,2,P13,2,73623,73623,5263,57928,10432,33,53081,15279,20,45022,23338,8,39793,28567,4,37330,31030,3,2,0,0,0,0,0,0,0,0,120,126,120,126,0,0,0,0,10,47,10,20,0,---,阿桑特_朝着_面前_的_入侵者_疯狂_地挥_着_拳头_。,2.32,1.54,0,4.5,5,4.75
13,13,13,sentence,CREATIVE2,P13_P2,en,zh,P,2,P13,3,249213,249213,238992,8944,1277,6,8146,2075,4,6060,4161,1,6060,4161,1,6060,4161,1,2,0,0,0,0,0,0,0,0,26,18,26,18,0,0,0,0,5,20,6,8,0,---,结果_她_射_偏_了_。,2.15,1.32,0,2,1.5,1.75
14,14,14,sentence,CREATIVE2,P13_P2,en,zh,P,2,P13,5,775454,775454,109305,635005,31144,113,624191,41958,86,598905,67244,50,583620,82529,39,537620,128529,25,31,0,0,0,0,0,0,0,0,391,384,391,384,0,0,0,0,29,142,32,48,0,---,就_见_观察窗_的_玻璃_上_就_如_蛛网_开花_一般_，_还_没_等_玻璃_从_外沿_向_内_进行_好_自我_修复_，_就_从_中间_爆射出_一股_水_。,2.58,1.44,0,7.21,5.38,6.29
15,15,15,sentence,CREATIVE2,P13_P2,en,zh,P,2,P13,3,414160,201199,67154,328305,18701,52,322852,24154,38,312378,34628,21,298431,48575,12,273296,73710,4,10,0,0,0,0,0,0,0,0,248,245,248,245,0,0,0,0,21,107,30,49,0,---,在_这_名萨西_莱特_战士_用_巨大_的_冲击_破_将_他_吹飞_之前_，_阿桑特_最后_一眼_看到_的_是_她_潜水衣_上_的_沙漠_之锤_的_图标_。,2.16,1.42,0,7.86,4.63,6.25
1,1,38,paragraph,CREATIVE2,P13_P5,en,zh,P,5,P13,1,20804,20804,19948,442,414,1,0,856,0,0,856,0,0,856,0,0,856,0,1,0,0,0,0,0,0,0,0,6,8,6,8,0,0,0,0,3,18,2,4,0,---,重复_过去,1.96,0,0,1,1.5,1.25
2,2,39,paragraph,CREATIVE2,P13_P5,en,zh,P,5,P13,1,14489,14489,1,14487,1,1,14487,1,1,14487,1,1,14487,1,1,14487,1,1,1,0,0,0,0,0,0,0,0,3,0,3,0,0,0,0,0,6,28,4,8,0,---,家族_历史_的_一课,2.18,0.51,0,2.67,2.75,2.71
3,3,40,paragraph,CREATIVE2,P13_P5,en,zh,P,5,P13,1,210,210,41,0,169,0,0,169,0,0,169,0,0,169,0,0,169,0,1,0,0,0,0,0,0,0,0,2,3,2,3,0,0,0,0,11,53,14,20,0,---,你_对_你_叔叔_的_坟墓_所作_的_事_是_不可_原谅_的_。,0.87,0.48,0,4,2.64,3.32
4,4,41,paragraph,CREATIVE2,P13_P5,en,zh,P,5,P13,2,1381915,1181749,200167,1098085,83663,297,1070082,111666,226,1011753,169995,141,936191,245557,89,811103,370645,49,100,0,0,0,0,0,0,0,0,983,963,983,963,0,0,0,0,131,629,158,237,0,---,你_的_母亲_从来_都_是_怪_她_自己_。_她_说_，_你_并不知道_自己_在_做_什么_。_我_可以_接受_你_把_我_送_你_的_羊角_号_拿_去_换_了_一副_时髦_耳机_，_呃_，_也许_吧_。_甚至_当_你_和_那些_剃着_光头_满嘴_脏话_的_小流氓_混在_一起_时_，_我_也_能_接受_。_我_本来_绝不会_原谅_你_竟然_在_你_的_游戏机_上_贴着_纳粹_邪恶_的_“_卍_”_标志_，_但_毕竟_你_是_我_女儿_的_儿子_，_而_不是_我_的_儿子_。_我_想_，_这_或许_只是_青春期_的_叛逆_。_毕竟_，_你_怎么_会_明白_—_—_到_现在_2017_年_了_，_还有_多少_孩子_真正_明白_：_要_用_历史_书_和_老照片_来_解释_种族灭绝_的_含义_，_是_一件_多么_令人恐怖_的_事情_。_你_没有_经历_过_，_你_永远_不会_明白_。,1.56,0.77,0,3.57,3.18,3.38
5,5,42,paragraph,CREATIVE2,P13_P5,en,zh,P,5,P13,2,751412,751412,21003,687300,43109,161,675856,54553,133,645874,84535,89,608021,122388,63,495098,235311,26,74,0,0,0,0,0,0,0,0,517,484,517,484,0,0,0,0,107,502,133,201,0,---,我们_告诉_自己_，_你_内心_还是_个_好孩子_，_毕竟_那段_历史_对_你_来说_，_古老_、_抽象_、_不_真实_。_我们_俩_都_是_医生_，_都_很_熟悉_这种_典型_又_可悲_的_犹太人_自我_厌恶_的_样子_，_所以_我们_说服_我们_自己_，_要_像_对待_受害者_一样_对待_你_。_然后_警察_就_把_你_从_墓_地带_了_回来_，_而_你_却_用_那双_呆滞_而_冷漠_的_眼睛_望_着_我们_。_那一刻_，_我_不再_为_你_找_借口_了_。_因为_那_不仅仅_是_你_叔叔_的_坟墓_：_你_的_口水_也_吐_在_了_其他_600_万人_的_身上_—_—_你_清楚_地_知道_这_一点_，_但_这_对_你_而言_，_却_完全_无所谓_。,1.5,0.75,0,3.24,2.37,2.81
